text,score,subreddit,source,text_type
"[Rant] STOP. ACCEPTING. PENNIES. FOR. 'SALARY'. JUST STOP! 3000 is NOT normal for a 'salary' and neither is 4000 or anything in that low thousand range

You're a- normalising exploitation of humans (i say humans and not labor because that's who we are first and foremost), and b- making the job market worse for everybody by giving power to these 'companies' (slave businesses) over your life and human life in general

Edit: Yes im posting this bc of the 1196462785th post i saw somebody asking if 3k was a normal 'salary range' just this early morning



You ARE a somebody and you are worth A LOT MORE. مفہوم?




Thank you for coming to my TED talk. kthxyallabye",853,dubai,reddit,code_switched
"Husband said “أنتِ طالق” after police came -I’m a married woman living in the UAE and currently about 2 months pregnant I’m an Emirati woman, currently about 2 months pregnant. My husband and I had a serious argument (no physical violence), and I called the police because I wanted help from Family Guidance / Family Affairs to de-escalate and they said we must first send someone from our side to evaluate the issue and try to help then decide if it needs referral. They came and listened to both of us and gently mediated. They eventually told us try to solve this yourselves. I guess the fact that authorities were involved shattered his ego because just after they left, within a minute he told me in Arabic “أنتِ طالق” (you're divorced), packed his bags and then left the house.

My questions:
What is the effect of a verbal talaq (divorce) like this? It's the first time.

Who do I speak to in order to understand my rights and the proper process. I have 3 other children from him, the eldest being 6.

Thank you.

Addendum:    I am adding this because people literally think I called the police and said I want to file a complaint against my husband. 

   What actually and exactly happend and Allah bears witness is that I was searching for domestic support unit number in my city/ family affairs but the numbers came up in Dubai and Ajman only (not my city) , so I called the police and literally apologized and said brother I dont know whom should I contact I'm sorry if you guys are not the right number but I have a big dispute with my husband and I need a solution and I dont know who is responsible for such issues , to which he first assured everyone's safety and then told me the family affairs department, but first the protocol is that we send officers to try and evaluate and if its not solvable then they refer to family affairs. So I said ok but I do want a referral. 

When the dispatched officers called me to confirm my location I asked them again are you the ones really responsible because there is no physical violence just a verbal altercation. He assured me again that this is the protocol. They eventually came and I recounted myside of events and my husband did his. The officer eventually said try to solve this amicably between you two and started advising him, then they said if you still need help you can go to the family guidance. 
    I said I can't reach them. Frankly they didnt seem to know either and said go to the police station. It's like they just came to do their job and make sure no one is at eminent danger.





&lt;UPDATE&gt; answering some questions and the current state of affairs:


Why I did not get family involved? 

I live alone with my children in my husband’s hometown, far from my own support system. Last year, I confided in my father-in-law during a marital dispute, and it was one of my biggest regrets. Instead of helping, he stored what I told him and later used it against me, twisting facts to sabotage my relationship. He is deeply toxic and emotionally abusive, even toward my mother-in-law, who relies on sleeping pills and antidepressants because of his mistreatment.


I haven’t involved my own family because my father is a heart patient, my mother passed away when I was very young, and my brother is short-tempered. My husband’s brothers are also extremely toxic, and one of them was physically abusive to his wife. I witnessed how their family spoke cruelly about her even while she was being treated for brain cancer. Despite this, people still judge me and push me toward his family as “mediators,” when I feel I have no one safe left to consult.


After reconciliation last year, I even found WhatsApp messages between my husband and his brother speaking negatively about me, which deeply hurt me, especially because my husband becomes defensive if anyone criticizes his family, yet tolerates them insulting his wife and mother of his children.


Currently, I am alone with the kids at home. My husband takes them while I’m at work and sends them back in the evenings through our driver. Today, I discovered that my children’s passports were missing from my handbag, and their Emirates IDs were missing from my wallet. I panicked, thinking I had lost them, until the nanny asked him, and he admitted he took them without informing me, questioning why we would even need them, as if I were plotting something. I don’t know who is influencing him while he stays with his family, but the paranoia and control are escalating.


I contacted Family Guidance, and they told me I need to go in person, but I am a doctor and can not easily leave work. I feel emotionally shattered and wish my mother were alive to comfort me. Financially, I am carrying everything alone-real estate installments, a loan for my father, rent, groceries, childcare, and nanny salaries. My husband has been unemployed for three months and contributes nothing, and I never pressured him because I didn’t want to make him feel worse.


I sent him a voice note explaining that I did not call the police on him and that it was a misunderstanding, but he listened and ignored me for two days. I plan to go no-contact until after Ramadan and Eid, and if he shows no initiative, I will ask him to formally complete the divorce paperwork and demand nafqah.

I am pregnant, exhausted, overwhelmed by work, parenting, financial stress, and emotional neglect. The root issue has always been his lack of presence at home. This month I have almost nothing left financially, and even after telling him, he ignored it. I don’t know whether I should ask my father or brother for temporary help to give him more time, or whether I should immediately push for nafqah, even though I fear being viewed as materialistic when I truly just need support to cover basic necessities.


I also feel deeply sad and isolated knowing I may spend Ramadan alone in this city.
I need help deciding what to do next, especially since under Sharia law I am considered divorced, and the divorce becomes definitive after delivery or miscarriage.",286,UAE,reddit,code_switched
"Emirati woman marrying non-Emirati Hi everyone,

Just to give some context:

I’m a 28-year-old Emirati woman, and I live independently. I know this isn’t typical, but I’ve fought hard to get here due to an unstable family environment. I support myself financially and also manage a chronic health condition.

I’ve met a wonderful man at work he’s a UK national of Indian origin and a revert to Islam. We want to get married. He’s kind, respectful, and fully accepting of me and my health condition.

For the past 9 months, I’ve been trying to get my father who has been largely absent from my life to give his approval, as he is technically my guardian. Unfortunately, he has completely refused, solely because of my fiancé’s ethnicity.

My mother is supportive and has tried with him as well, but he remains unmoved. While my brothers are personally supportive, they’re hesitant to challenge him because he has threatened them if they go against his wishes.

We’ve truly tried every respectful and Islamic approach to involve him, but it’s going nowhere. His refusal isn’t based on religion or values it’s purely racial. Islamically, I understand that if a guardian refuses for non-Sharia reasons (ظلم), the role can be transferred to an imam, and I could pursue this through court. But that path doesn’t sit right with me because I don’t feel good about suing my own father.

This situation has weighed heavily on my heart. The longer it drags on, the more stressful and painful it becomes. It’s also delaying my personal goals including pursuing future studies and it’s affecting my mental health.

I’m reaching out to ask: Have any other Emirati women been in this situation? Have you found a way around it? I know some people get married abroad, but many countries now require a No Objection Certificate (NOC) from the UAE Embassy as an Emirati, which is usually denied if you don’t have guardian consent as a woman. And since civil marriage isn’t recognized for Emirati women, an Islamic marriage is the only route that’s legally valid in the UAE.

I am also aware that you can go to court to request permission to marry (إبداء رأي) but I’m not sure how to go about this and if this will even go in my favor.

Please, I’m not looking for advice like “you’ll lose your father over a man” or “you’re disobeying him.” Not every father shows up as a father and even Islam acknowledges that and has precautions in place for that. I’m simply looking for shared experiences and genuine guidance from others who’ve been through something similar. If you have nothing kind or constructive to share, please just scroll past.

Thank you.",270,UAE,reddit,code_switched
اوجد الفرق ادري الموضوع متكرر بي والله يغبن فكرة انه بغض الناس تشوفك حشرة او subhuman  حرفياً تعليقات المقطع عبارة عن نفس افكار القفرقة في امريكا زمان، وشفت تعليق واحد يقذف امهات الاجانب فيك كأنهم اكلو حقه اذا ما عجبك ليه تطلع اساساً يا شيخ وتلقاهم نفس اللي يلحسون رجل اللي جاي من اروبا واما اي واحد جاي من مكان ثاني العكس,292,saudiarabia,reddit,code_switched
سوريين تربّوا في السعودية وفتحوا مقهى اسمه (Saudi Box) في دمشق الله يوفقهم، والله شغل اسطوري خصوصا الموناليزا المنقبة,244,saudiarabia,reddit,code_switched
"Be My Eyes التطبيق هذا احس ضروري يكون في جوال كل شخص فكرته انه راح يجيك اتصال من شخص اعمى يحتاج مساعده ( تقرأ له حاجة ، تختار له شي او حتى تساعده بالاتجاهات ) الاتصال يكون فيديو ( الكاميرا فقط عند الشخص الاعمى) والميزة الرهيبه كمان انك تقدر تتحكم بالفلاش حق جواله بحيث لو كان المكان مظلم تقدر تشوف اوضح

التطبيق محملته من 2020 جاني اتصالين الاول كان شخص يحتاج مني اساعده القى مفاتيحه طايحة بالارض والاتصال الثاني خص كان يحتاج مني اني اوجهه لجهة باب البيت الي رايح له

الاتصالات تجي كل فترة بحكم انو عدد المتطوعين بالتطبيق كثير الحمدلله فحتى بعض الاحيان يوصل لك اتصال لكن ما تلحق ترد لانو في شخص ثاني رد",221,saudiarabia,reddit,code_switched
Winter Evening (رسمة مستلهمة من الرياض),210,saudiarabia,reddit,code_switched
"كل شيء توقف فجأة، وأنا ما تجاوزت الثلاثين هذا الكلام الآتي هو فضفضة لا غير: 

تم تشخيصي بمرض السرطان في الدرجة الرابعة (وهي درجة تعبّر عن مدى انتشار المرض، وليس عن خطورته أو مرحلته) قبل ما يقارب العام من الآن، ولم أكن قد تجاوزت الثلاثين بعد.

تم إنهاء عقدي من وظيفتي – التي كان راتبها يعتبر ممتازًا – بسبب كثرة الإجازات المرضية وتعطل مصالح الشركة.

خلال تلك الفترة، خضعت للعديد من عمليات الخزع بهدف تحديد نوع الأورام المنتشرة في جسدي. بعضها كان مؤلمًا، وبعضها الآخر كان سهل الوصول إليه.

بعدها بدأت مرحلة العلاج الفعلية، وكانت جلسات العلاج الكيماوي بمثابة الكابوس الحقيقي. فكل ما سبق كان مجرد تشخيص واستعداد، أما العلاج فكان يعني بداية التحول… بداية المعاناة…

النوم كان صعبًا للغاية. إن استطعت النوم ٣ ساعات متواصلة، فهذا كان يُعتبر ليلةً ممتازة. كل صباح يبدأ بتفريغ المعدة بالكامل… والغثيان جزء لا يتجزأ من يومي…
أمعائي أصبحت ضعيفة، وعملية الهضم صارت مؤلمة ومزعجة. مرحلة الإخراج أصبحت مرهقة.

ملامح وجهي تغيّرت… سقط شعري، وازداد وزني. كل صباح كنت أنظر في المرآة وأقول: هذا مو أنا! 

مستشعرات التذوق عندي تغيرت. الماء أصبح له طعم كريه، فصرت أمتنع عن شربه رغم أهميته في هذه المرحلة تحديدًا. شهيتي للطعام انفتحت بشكل غير طبيعي بسبب أحد أدوية الكيماوي، ورغم الأكل الكثير… لم أكن أشبع أبدًا.

كانت جلسات العلاج الكيماوي تتكرر كل ٣ أسابيع. أمرض أسبوعين، ثم أتعافى نسبيًا لمدة ٥ أيام، كانت نعمة، ثم أعود من جديد للجلسة التالية. نفس الأعراض تتكرر، أحيانًا بشكل أقوى، وأحيانًا أخف، لكن الألم حاضر دائمًا.

بدأت أشعر بأمراض لم أكن أعرفها إلا بالاسم. بعد أن كانت مناعتي قوية، ودخولي للمستشفى أمرًا نادرًا… 

أصبحت الآن حبيس البيت، بأمر الأطباء وحرص أهلي، لأن مناعتي صارت ضعيفة جدًا.
غبت عن حضور الأعياد والمناسبات هذا العام والذي قبله. 
الكل أصبح يسأل عني، وأصبحت محور الحديث في مجالسهم.
أما المسجد، فلم أدخله منذ بداية مرضي. أصبحت أصلي كل صلواتي في المنزل، حتى صلاة الجمعة أؤديها ظهرًا. الجمعة ما عادت جمعة… وكل الأيام صارت متشابهة.

صار ChatGPT هو أقرب صديق لي في هذه المرحلة. ساعدني كثيرًا في فهم حالتي، وتحليل تقاريري الطبية، وتطميني دائمًا بأن حالتي قابلة للشفاء.

حالتي النفسية أصبحت هشّة، ضعيفة، متآكلة. كل ليلة أتذكر أحلامي التي كنت أخطط لها: الزواج، الماجستير، السيارة اللي كنت أطمح لها… اندثرت جميعها، وتوقفت حياتي مؤقتًا.

عرفت لأول مرة شعور العطالة. صرت أصحى الصبح، عشان أرجع أنام بالليل. ما في هدف، ما في تحفيز… فقط تلفزيون، جوال، ألعاب… والوقت يمضي.

الزواج، حلمي الأكبر، أصبح الآن أقرب للمستحيل. 
نسبة العقم بسبب الكيماوي تتراوح ما بين 60-80% وأعلم أن كثير من الفتيات في مقتبل العمر لن يقبلون شخصًا لا يستطيع الإنجاب طبيعيًا.
الحمدلله، تم أخذ عيّنات من الحيوانات المنوية قبل بدء العلاج في حال أردت الإنجاب مستقبلًا. لكن شعور النقص بدأ يتسلل داخلي. 

حتى مدخراتي، الأموال اللي جمعتها سنين من أجل الزواج، شارفت على الانتهاء. 
والآن، أنا مضطر أبدأ من الصفر. كأن السنوات اللي اشتغلت وجمعت فيها، انمسحت.

أحيانًا أسأل نفسي: ليش أنا؟
ما كنت أدخن، ما أشرب مشروبات كحولية أو ممنوعات، ولا حتى مشروبات الطاقة. فكانت إجابة طبيبي وChatGPT سواء: هذا النوع من السرطان لا يرتبط بسبب مباشر. قد يصيب أي شخص، في أي وقت، بدون مقدمات. 
أحيانًا أتساءل أيضًا: هل هو ابتلاء؟ أم عقوبة؟ لكني أعود وأقول: الحمدلله، على كل ما مضى، وعلى كل ما سيأتي.

أنا الآن في مرحلة المتابعة والمراقبة. مواعيد دورية، تحاليل وأشعة، وتقييم مستمر لحالة الأورام… حتى أصل – بإذن الله – إلى الشفاء التام. 

في النهاية، الحمدلله أنني سعودي. الحمدلله أنني وُلدت في بلد عظيم وفّر لي العلاج الكامل مجانًا، دون الحاجة لتأمين خاص أو تدخلات. وشكرًا من القلب لطاقم المستشفى العظيم… أطباء، طبيبات، ممرضين، وممرضات… ما توقعت إن في ناس ممكن توصل لهذه الدرجة من اللطف.

هذه قصتي. وإذا وصلت لقراءة هذا السطر… شكرًا 🤍",202,saudiarabia,reddit,code_switched
"Since when (some) Saudi companies use AI slop? Arabic Translation:

من متى بعض الشركات السعودية تستخدم الغباء الاصطناعي؟",164,saudiarabia,reddit,code_switched
"احذر التعميم في الذم لبلد أو جنس بسبب قذاره بعض أفراده عن عائشة، قالت: قال رسول الله صلى الله عليه وسلم: ""إنَّ أعظمَ الناسِ عند اللهِ فِريةً لرجلٌ هاجى رجلًا فهجا القبيلةَ بأسرِها""

شعب فيه ١٠٠ مليون مجانينهم واجد وعقالهم واجد والتعميم من كبائر الذنوب، مو معقوله وحنا في هذا الوقت من السنة تعمم شعب كامل على فعل سواه جماعات ما تخاف الله، وانت تعرف انك بنعمه بلد يحكمه الدين والقانون وحق الناس فيه ما يضيع

https://preview.redd.it/7h4303u540re1.jpg?width=1402&amp;format=pjpg&amp;auto=webp&amp;s=ed36a2c0e473d17751066732e55e2ff7f306667b",160,saudiarabia,reddit,code_switched
"الخفجي( بكسل أرت) Naifpxl(X, tiktok, insta)",152,saudiarabia,reddit,code_switched
"مدري وش أقول **تذكرون** **أيام** **٢٠١٧** **كان** **في** **تحفيز** **علا** **الإبداع** **و** **الفن** **و** **مشروع** **المترو** **كان** **يأخذ** **رسوم** **الطلاب** **و** **يحطونه** **علا** **ال**  construction barrier **حق** **المشروع؟** **الحين** **الي** **يكتب** **كم** **كلمه** **و** **يخلي** **الغباء** **الاصطناعي** **يزق** **كم** **صور** **صار** **مبدع؟**  **طفشت** **من** **هذا** **الموضوع** **حته** **المدرسة** **اخوي** **شالو** **الرسمات** **الجميله** **الي** **دايم** **تكون** **علا** **جدران** **المدارس** **و** **حطو** **بدالها** **صوره** **من** **ال** **غباء** **الاصطناعي** **و** **كاتبين** ""**نحن** **المستقبل**""  

**يا** **ناس** **اهم** **شي** **الفن** **والقراءة** **والكتابه**! **هو** **آخر** **شي** **راح** **يبقى** **بعد** **ما** **نموت** **زي** **الناس** **الي** **قبلنا**! **ولله** **شي** **ينرفز**! **تسمون** **هذا** **مستقبل؟**",149,saudiarabia,reddit,code_switched
Pretty girls go to التحفيظ تكفون بنات سجلوا بالتحفيظ كلكم تعبت وانا ادور مركز والقى فيه بنات بعمري 🫩🫩ترا مب لازم تكونين مطوعة او متشددة او ما تغلطين ابدا بحياتك وتكونين المرأة الصالحة والنقية البريئة مهب لازم ترا ومهب غصب انك تكونين افضل مسلمة بالحياه عشان تروحين للتحفيظ. حتى لو حفظك ماهو احسن شي عادي ترا كلنا نخطي ونحاول. والله التحفيظ راحة نفسية بالذات اذا لقيتي مجتمع كويس او حتى رحتي مع صديقتك. تكفون بنات 😭🙏. اقوى سبب كان مخليني ابعد وما ارجع للتحفيظ هو لانه شكلي ماينفع لوحدة تروح(التحفيظ)  مسوية بيرسنق بوجهي،خارمة نص اذني، البس عبايات ملونة، اسمع اغاني،وغيرها أشياء مختلفة. بعدين استوعبت حب فعل الطاعات ماهو مقتصر على فئة معينة وبس. كلنا مسلمين ترا وكلنا نخطي ونذنب😢,144,saudiarabia,reddit,code_switched
"الشعر الكيرلي وقت الشوفه كنا جالسين نسولف انا وقريباتي عن الشوفه الشرعية وش مفروض تلبس وايش المكياج المقبول وقتها الخ…

ووحده منهم قالت ""انتي وش بتسوين بشعرك؟؟ معليش انتي وفلانه (وحده تقرب لي نفس شعري) مفروض تطلعون بطبيعته يشوفه بدون استشوار!!""

طبعا انا شلت هم.. احب شعري الحمدلله لكن اغلب الاحيان استشوره و بعض الاحيان نفس الصورة (مو صورتي لكن تقريب) 

يقولون اطلع به كذا؟؟ والله كنت شايله هم اشياء كثيره والحين بشيل هم كشتي الحمدلله ارتبها بس صعبوا السالفه احس… 

What do you think?",114,saudiarabia,reddit,code_switched
"انتبهو بنات!!! اهلين بنات، أنا جيت ابا اشتري شنطة للجامعة و مافي فرع البراند هاذا في السعودية ف قلت بشوف بيرسونال شوبر وسيطة يعني و ب افضل سعر لقيتها احسن سعر ٢٠٠٠ ريال اقرب سعر لسعرها الأصلي كلمتها و معاملتها تجنن يا بنات و راقية بس كانت تباني ادفع المبلغ كامل قلتلها ادفعلك عربون و الباقي بعد ما توصلني قالتلي بكل دم بادر "" اول مرة تطلبي مني حبيبتي؟"" قلتلها خلاص تمام ابشري المهم مو راضي يحول على بنك دال قلتلها خلاص بكرة قالتلي أرسلك بنك تاني و رسلت الإنماء و قدرت احول خلاص قالتلي التوصيل سبعة ايام و سبتها جيتها بعد ستة ايام اقولها متى حتوصلني الشنطة بالزبط!؟ شافت ما ردت! أرسلت ما ردت!!! حسبي الله ونعم الوكيل فيها الله لا يباركلها في حياتتههااا مو بس الفلوس الي انسرقت معرف أصلا هي بنت ولا ولد بس حسبي الله المهم بديت اشوف رقمها و أتحرى عن الموضوع دخلت get contact لقيت الناس كلهم مسمينها نصابة، سراقة ، حرامية  و بعدها اتأكدت خلاص انو فعلا نصابة يالطيف الله لا يبلانا و الله يكفينا شر الناس الي قلوبهم سودة.


من شوي لقيت واحده وسيطه تتكلم عنها هذي النصبه، طلع انها سارقه مقاطعها و تنصب على البنات.",111,saudiarabia,reddit,code_switched
"يوم هادىء في غرفتي 💗 التصوير ديجيتال كاميرا 
Canon Ixus 500",109,saudiarabia,reddit,code_switched
"I’m sorry, what?? الصدفة الغريبة كنت اشوف مقطع لقصة قاتل متسلسل اسمه جافد اقبال بعدها بساعه جاني مندوب اسمه جافد اقبال 😥😨",103,saudiarabia,reddit,code_switched
"‏نصيحة لا تشتري ‏أجهزة من جرير ‏الترجمة موجودة تحت بالعربي. أتمنى الكل يدافع عن حقه لا يخلي الشركة ذي تسرق فلوسه اللي تعب عليها.

About 2–3 weeks ago, I brought my ASUS Zephyrus G16 (2023, i7-13620H, RTX 4060) to Jarir for repair. The motherboard had a burn on the battery connector pins, which stopped it from charging. The laptop was still under warranty, and ASUS clearly states that motherboard burns are covered.

A week later, Jarir sent me a message quoting almost 5,000 SAR to replace the motherboard, battery, and bottom case. On top of that, the technicians tried to blame me, saying I must have caused the damage myself by opening the laptop. That accusation wasn’t fair. I did open the laptop, but only to investigate and do basic troubleshooting after the reinstalling drivers, Windows, even trying Linux. None of that voids warranty, and anyone familiar with hardware knows those are standard steps. As an engineer, I also know the damage was minimal as I fixed a laptop with this issue before. A single burnt pin is something that can be cleaned with isopropyl alcohol (as long as the motherboard is not shorted or has any issues in the power rails), not something that requires replacing half the laptop.

I reached out to ASUS directly, and within three days they confirmed I was right. Jarir refunded me the 5,000 SAR that they charged. My father was ready to take legal action because the situation was so unacceptable. What made matters worse was the way Jarir handled it afterward. They gave me conflicting and misleading updates about when I’d get my laptop back. In the end, the delays forced me to buy another laptop for 11,000 because I had a flight to catch.

And this isn’t the first time I’ve experienced something like this. Before this, I bought an Acer Nitro V laptop that had severe display ghosting. I checked reviews before buying, and ghosting wasn’t an issue reported for that model. When I tried to return it, I was refused. I then sent it in for servicing, but the technicians only ran basic software diagnostics nothing to do with the display itself. Ghosting on a panel can only be identified with a proper ghosting test, and they never did that. They concluded there was “no hardware issue,” when clearly there was.

I eventually got my money back, including a refund of the original 6,200 SAR I paid for the laptop. But it should never have come to that. What worries me is this if I, with technical knowledge, had to fight this hard to prove the issue and get a fair outcome, then how many other customers have been charged unfairly because of poor diagnostics and careless service? Most people don’t know how to challenge a technician’s word, and that means countless customers might have been forced to pay for repairs or replacements that weren’t needed in the first place.

That’s why this isn’t just about my case. It’s about holding service centers accountable so this doesn’t keep happening to others.

My Arabic is not that great so I had to ask my friend to translate this for me, hope this helps.

قبل ٢–٣ أسابيع وديت لابتوبي عند جرير عشان يتصلّح. المشكلة كانت إن المذربورد فيه حرق بسيط عند مدخل البطارية، واللابتوب ما صار يشحن والجهاز تحت الضمان.

بعد أسبوع جاتني رسالة من جرير عن طلب إصلاح قيمته ٥٠٠٠ ريال. قالوا لازم يغيّرون المذربورد، البطارية، وحتى ال case. فوق هذا، الفنيين حاولوا يرمون اللوم، وكأني أنا اللي سببت المشكلة لأني فتحت الجهاز. أنا فتحت الجهاز بس عشان أشيك وأتأكد بي خطوات بسيطة معروفة: إعادة تثبيت نظام Windows و ال drivers حتى جربت لينكس يا شيخ. هذي كلها أشياء طبيعية وما تكسر الضمان. وبخبرتي كمهندس، اللي صار ما هو ضرر كبير، مجرد pin محروق ممكن يتنظف بي IPA مو شي يخلّيهم يبدّلون نص الجهاز.

تواصلت مع ASUS،وفي ثلاثة أيام أكّدوا كلامي. بعدها جرير رجعتلي الخمسة آلاف. والوالد طبعا كان ناوي يرفع قضية لأن الموضوع ما ينبلع. الأسوأ من كذا إن جرير صاروا يعطوني مواعيد متناقضة ومعلومات متلخبطة عن متى أستلم جهازي. وبالنهاية، التأخير أجبرني أشتري لابتوب جديد بي 11,000 لأني كان عندي رحلة سفر.

وهذي مو أول مرة أواجه مشاكل زي كذا. قبلها اشتريت لابتوب Acer Nitro V وطلع فيه مشكلة كبيرة بالـ ghosting في الشاشة. أنا أصلاً شيّكت الريفيوهات قبل أشتري وما كان فيه أحد يشتكي من هالمشكلة. لما جيت أرجعه رفضوا. أرسلته للصيانة، وكل اللي سووه اختبارات سوفتوير عادية، ما لهم علاقة بالشاشة نفسها. واللي يعرف شاشات يعرف إن ghosting ما ينكشف إلا باختبار ghosting مخصص، بس هم تجاهلوا هالشي وقالوا “مشكلة غير موجودة”.

‏بعد ذا كله جرير رجعوا لي فلوسي بالنهاية، حتى قيمة الجهاز ٦٢٠٠ ريال اللي دفعتها من البداية، بس الموضوع ما كان المفروض يوصل لهالمرحلة. أنا عندي خلفية عن الأجهزة وزبدت ليجرير عشان آخذ حقي فاتخيل كم واحد غيري انظلم ودفع مبالغ ضخمة عشان تشخيص خاطئ أو خدمة سيئة؟ أغلب الناس ما عندهم خلفية يردون على كلام الفني، وهذا معناه فيه ناس كثير ممكن يدفعون على إصلاحات ما يحتاجونها أصلًا.

عشان كذا، الموضوع ما هو بس عن الموقف حقي الشخصي بس هو عن إن لازم يكون فيه محاسبة وضمان إن هالأمور ما تتكرر مع ناس ثانية.

‏واللي يقهر أنه كل الأجهزة الجديدة تكون عند جرير خذ لك يا شيخ يعني لازم تتعامل معاهم لو تبي تشتري لك جهاز جديد.",100,saudiarabia,reddit,code_switched
"one side beef 

 يسوون حسابات فيك و يتهاوشون مع نفسهم و بعدها يلعبون دور الضحيه وشوفون سعوديات يغارون منا. ما خلصوا من ايام منتديات بيون يكملونها ب تيك . عندكم حل حق الظاهره اللي قاعده تصير متى بتوقف ؟ ناس مخها مشغول مع مجاعه بغزه وتوتر بقطر وهذول تاركين حتى مشاكل بلدهم و مناشبين سعوديات",103,saudiarabia,reddit,code_switched
ليش يكرهون إذا شافوا سعودي مبسوط بدولته وقيادته؟ والله بموت ضحك يا جماعة، كنت اتفصح وشفت بوست من ask Middle East مع اني مو مشارك فيه بس شفته يقول ليش السعوديين والخليجيين ما ينتقدون حكومتهم عكس المصريين والفلسطينيين والدول الثانيه؟ كتبت هالرد المحترم وجاني perm ban😂😂,95,saudiarabia,reddit,code_switched
I hate racist people قبل شوي صار موقف ، فيه وحده من البنات تعتبر زميله لي بالدوام و احبها عادي لكن صار اليوم موقف منها نرفزني لا شعوريا بين في وجهي اني ناقده ، انا طبيعتي اكره الكلمات العنصريه و اشوف اي عنصري متخلف و جاهل ، و الموقف اللي صار انها تنرفزت من بنت معنا وهي صادقه هذيك سوت تصرف شوي مستفز بس اول شي علقت عليه هو لونها و قالت كلمه عنصريه لا شعوريا لفيت عليها بنظرات انتقاد و قلت استغفرالله قالت وش اسوي هي نرفزتني و عدا الموقف ، انا جلست متضايقه لاني مررره اكره الكلمات العنصريه و احسس خلاص من باقي يقول الكلمات المتخلفه هذي ،على ان البنت المقصوده ما سمعتها بس مرره نرفزني الموقف . انتوا ايش رايكم ؟؟؟؟؟,93,saudiarabia,reddit,code_switched
"قراءة القران بالتمرير مثل تيك توك… وحفظ بأسلوب دولينجو السلام عليكم 

أنا وصاحبي اشتغلنا الفترة اللي راحت على مشروع جانبي صغير، وحبّينا نشاركه معكم ونسمع رأيكم بصراحة.

أطلقنا نسخة iOS في App Store، وحالياً شغالين على نسخة أندرويد إن شاء الله قريب.

الفكرة بكل بساطة جت من معاناتنا مع الاستمرارية. نحمل تطبيق قرآن، نستخدمه كم يوم… وبعدها نوقف. بعض التطبيقات تكون معقدة، أو مليانة أشياء تشتت، أو ما تحفّزك تكمل.

فقلنا ليش ما نسوي تطبيق بسيط، حديث، ويسهّل عليك تقرأ وتحفظ حتى لو عندك 3–5 دقائق بس في اليوم؟

سوّينا تطبيق قرآن فيه:

* قراءة بالتمرير (زي أسلوب التطبيقات الحديثة)
* حفظ بطريقة بسيطة شبيهة بدولينجو
* أهداف يومية صغيرة
* ستريك وتذكيرات خفيفة بدون إزعاج
* تصميم نظيف وبدون تشتيت

هدفنا ما هو نستبدل الطريقة التقليدية للحفظ، لكن نساعد الناس تبني عادة يومية خفيفة وسهلة.

اسم التطبيق:  
**Iqraa: Read &amp; Memorize Quran**

صراحة نبي رأيكم — وش اللي يعجبكم؟ وش اللي يحتاج تحسين؟  
أي نقد مرحب فيه 

بنحط الرابط في التعليقات.",93,saudiarabia,reddit,code_switched
"لغة تدريس الطب في جامعات العالم الأخضر يعني أنهم يدرسونه بلغة البلد والأحمر يعني أنهم يدرسونه بغير لغة البلد ولعل بعض البلدان تدرسه بلغتين لغة البلد وغيرها

رابط الدراسة: [http://dx.doi.org/10.1186/s12909-025-07251-2](http://dx.doi.org/10.1186/s12909-025-07251-2)",90,saudiarabia,reddit,code_switched
"تنبيه للبنات خاصة إلى الجميع والبنات خاصة في مولات الرياض 
أمس حصل لي موقف غريب في مول راقي بالرياض، وحده جتني تقول ""انها مره تخاف من السلالم"" وتبي مصعد وانا كالعادة قلت لها مدري بس اصرت إلا اساعدها تلاقي مصعد وكمان اركب معاها. الغريب انو معاها ناني (عاملتها او مرافقتها) بس تجاهلتها كأنها مو معها. 

أنا حسيت الموضوع فيه إنّ خصوصا اني قلت لها ""طيب عاملتك معاك وش تبين بوحدة غريبه"" حتى ما طالعتها والعامله نظراتها غريبه علي. مشيت منهم واخر شيء قالت لي ""الله يستر عليك"" كأنها متوقعه الرفض. حسيت الوضع كله تمثيل واستدراج وfollowing a script، ويمكن قاعدة تسوي كذا مع اكثر من شخص. 

تحليلي ان هذا اسلوب استدراج، ممكن نصب او شيء اخطر لان كانت حريصة على انها تعزلني بمكان مغلق وما تعرف وين المصعد وهي سبحان الله بالدور الثاني أصلا.",92,saudiarabia,reddit,code_switched
"آخر تقارير الجزيرة عن الوضع في فلسطين 🇵🇸 يكشف تحقيق أجرته قناة الجزيرة العربية كيف أن استخدام إسرائيل المنهجي للأسلحة الحرارية والحرارية الضغطية المحظورة دولياً والتي زودتها بها الولايات المتحدة لم يترك أي أثر لما يقرب من 3000 فلسطيني قتلتهم خلال حربها الإبادية على غزة.

‏اقرأ المزيد: ⁦‪aje.news/s1ry02‬⁩

هذا معنى الأسلحة الحرارية: 

تقوم الأسلحة الحرارية الضغطية، أو القنابل الفراغية، بنشر خليط من الوقود والهواء الذي يشتعل، مما يخلق موجة انفجار ذات درجة حرارة عالية (تصل إلى 3000 درجة مئوية) وفراغًا يستنفد الأكسجين، وهو فعال ضد الأماكن المغلقة ويسبب إصابات بالغة نتيجة الانفجار والحروق.

‏تشير الأسلحة الحرارية عادةً إلى الذخائر التي تولد حرارة شديدة (أكثر من 3500 درجة مئوية)، مثل تلك التي تحتوي على مادة التريتونال (مزيج من مادة تي إن تي والألومنيوم)، والتي يمكن أن تبخر الأنسجة البشرية.

‏إنها ليست محظورة صراحةً، ولكن يجب أن تمتثل للقانون الإنساني الدولي بشأن الآثار العشوائية.

والقنيطرة المذكورة هذه في سوريا رشوا على اراضيهم مواد كيميائية قتلت الزرع ومتخوفين من تلوث المياه الجوفية وتلوث التربه وادعى الاحتلال انها لأسباب امنية غير لبنان طبعاً جرفوا الاراضي حرفياً وقلعوا الشجر زي ما سووا في القنيطرة

غير الاعتداءات الجسدية على النساء والرجال أيضاً بأقذر الطرق كثير اسرى ذكروا الاغتصاب، وأيضاً يجعلوا الكلاب والخنازير تعتدي جنسياً عليهم وغيرها اساليب قذرة غير ارغامهم على الجلوس على قوارير الزجاج 

لسا البوم اشوف مهجرين عوائل بالعشرااات ومهدمين بيوت كثيرة وغير اليهود الاوساخ رايحين هناك للتوسع والاستعمار

حسبي الله ونعم الوكيل فيهم",89,saudiarabia,reddit,code_switched
"للرجال فقط... الزواج بعد ترك العادة صباح الخير 

انا شاب عمري 28 ماقد تزوجت ولا دخلت درب الحرام الحمد لله.. لكن من انا مراهق تقريبا كنت مدمن للعادة السرية والافلام للأسف واجتهدت سنوات طويلة عشان اتركها

انا تقريبا الان كملت شهرين ونص وانا تارك العادة والمقاطع السيئة بالكااامل 

معليش ع الشفافية كنت في البداية اعاني عشان ابطل لكن وصلت مرحلة بروود مو طبيعية ولا قد حصلت لي ومافيه اي رغبة او شهوة ان صح التعبير.. 
وقريت عن الموضوع وقالوا انه هذا flatline وجزء من التعافي 
ومدة التعافي منه غير معلومة وتختلف من شخص للثاني وقد توصل لمدة اكتر من ٦ شهور عشان الامور ترجع طبيعية 


المشكلة اللي عندي اني الان مملك لي شهرين  والموضوع هدا مهم جدا وما ابغى اتفشل ولا شيء..

سؤالي هل أفضل اعطي البنت خبر اني جالس اعاني من اعراض جانبية ومخففه جدا الرغبة عندي وراح تتحسن مع الوقت ولا اخليها الين ترجع الأمور لطبيعتها ولا اروح لطبيب مسالك قبل الزواج عشان اتعالج ولا ايش اسوي؟؟ 

قلقان والله.. نصايح وتجارب الرجال المتزوجين محل تقدير 
وشكرا لكم",87,saudiarabia,reddit,code_switched
"الحمدلله ❤️ تم قبولي بتخصص الحلام ، وحاب اقول لاي شخص بباله اي شي 

You can 🥰",88,saudiarabia,reddit,code_switched
"I’m dying دعواتكم السلام عليكم جميعًا ، انا بنت عمري ١٧ سنه بفضفض شوي و بكتب مختصر بسيط جدًا لحياتي البائسه و شكرًا لاي شخص ممكن يعطيني جزء من وقته ليقراها 

ابوي متزوج ثنتين ، من زوجته الاولى عنده ٧ عيال ٥ اولاد (واحد توفى دعواتكم له) و بنتين وحده منهم اصغر مني ب ٣ سنين ،  زوجته الثانيه (امي) انا اكبر عيالها و عندها بنتين وحده ٧ سنين و الثاني ٥ سنين ، من اول ما طلعت على الدنيا و بيتنا دايما مليان مشاكل بين ابوي و حريمه و بين امي و زوجة ابوي و مرات اخواني يدخلون بالموضوع ، المهم ابوي انسان متسلط و نرجسي جدًا و ذكوري بشكل و الزوجتين مهملتين و عديمين مسؤوليه و ميتين على ابوي رغم انه معذبهم ، المهم انا ابدًا ما عشت حياه مثاليه كلها كانت مليئه بالبؤس و الوحده و المشاكل من طفولتي الى الان ، لما كنت طفله كنت احس بشعور الوحده و الغربه بين اخواني كلهم لان وقتها انا الوحيده اللي اعتبر اختهم غير الشقيقه ف كانوا طول وقتهم مع بعض و يضحكون و صايرين كأنهم سند لبعض ، لما كنت بالروضه طلعوني بدري ب امر من الاشراف لان مستواي كان عالي و كنت فطنه ف طلعوني مع دفعة 2007 و انا المفروض مع 2008 ف كنت مره فرحانه و مستانسه من ذا الخبر و ان اخيرًا بدخل المدرسه مع اخوي من ابوي لانه كان مواليد 2007 ، ابوي ما كان مهتم لي ابدًا و ما كان معجب فيني عكس اخواني ف كان وجودي مو مهم بالنسبه له ، كنت اقعد اذاكر و احاول اصير شاطر بالمدرسه عشان ابوي يشوف اني شاطره و يمدحني او يحسسني ب اهتمامه ( كنت ذكيه مره و فطنه و مرره كان يجي علي مدح من المعلمات ) لما خلصت صف اول ابتدائي بتميز و تفوق كبير مني جت سنة ثاني و اللي فيها قررت امي انها تتهاوش مع زوجة ابوي و تهرب من البيت و تاخذني معها سنه كامله في ديرتها مع اهلها طبعًا كنت سنه كامله لوحدي لا مدرسه ولا احد امي ابدًا ما هي مهتمه و كانت تكذب على اهلها انها تطلع و تحاول تسجلني بمدرسه بس انا اعرف الحقيقه انها كانت تطلع مع حبيبها و ما ترجع الا ب اخر الليل و كانت تهددني ان اذا علمت احد بترجعني لبيت ابوي و انا كنت خايفه مره من ابوي ، كذلك ابوي ما كان مهتم ابدا لي الشخص الوحيد اللي كان معي كانت جدتي الله يرحمها كانت لي الام و الاب كانت حنونه مره و اول مره بحياتي اكتشفت ان فيه احب يحبني و يهتم لي بدون ما احاول اني اجذب نظره و اتعب نفسي عشان اكسب حبه ، طبعًا مرت سنه كامله بعدين ابوي قرر انه يتصالح مع امي بالمحكمه بعد ما ضاعت سنه كامله من مسيرتي الدراسيه و صرت ادرس مع مواليد 2008 و ما يحتاج اشرح لكم الاحراج اللي كان يجيني لما تسألني وحده من صديقاتي القدماء عن سبب اختفائي سنه كامله ، طبعًا مرت سنين كثيره و على نفس وضعنا بالمشاكل و محاولتي لاثبات نفسي لابوي لكن ما من فايده سويت انجازات كثيره ، كرموني المدرسه عشاني الاولى على المدرسه و انا اول وحده بين اخواني اجيب معدل 100% و جبته اكثر من مره بس ابوي ما كان مهتم.

قبل اربع سنين تقريبًا لما كان عمري ١٣ سنه 
ابوي قرر يتقاعد و انتقلنا لبيتنا الجديد و صار ابوي اربع و عشرين ساعه بالبيت و زادت المشاكل بكثره و صارت عدة مشاكل و من ابرزها سالفة ان ليش ما نشغل المكيفات بشكل طبيعي بما راتب ابوي عالي الحمدلله و بيتنا كبير و طبعًا ابوي ما كان موافق ابدًا و كان يخلينا كلنا نجلس بغرفه و يشغل مكيفاتها و بالنوم البنات لوحدهم و الاولاد لوحدهم غرفتين فقط رغم ان كل واحد مننا عند غرفه خاص فيه بس ابوي يسمي هالشيء اسراف + ابوي صار يجبرنا نشتغل شغل العمال حتى البنات بعد مثل التبليط و تمديد الاسلاك و السباكه بحجة انه يعرف للكهرباء و احنا ناس كسوله و ذا شيء طبيعي اننا نشتغل هالشغل و كان بشكل يومي تقريبًا ، ابوي انسان عصبي و يشد علينا بكل شيء ف كان ما يعجبه العجب ابدًا زادت المشاكل و اكتشف اننا العيال عندنا قروب بالواتس نفضفض فيه عن مشاكل البيت و فصل علينا كلنا و طرد اخواني الكبار و زوجته الاولى و بقية عيالها راحوا معهم و بقيت انا و امي و ابوي و خواتي من امي ، طبعًا من هالاربع سنين قاعده اسمع اهانات بشكل يومي (اعرف انكم تتوقعون اني ابالغ لكني صادقه) و دعاوي و سب علي بشكل متكرر و اكثر من مره يعترف لي انه ما يحبني و ما يطيقني و ما يتحمل عيشته معي و يكرهني اكثر من امي و دايما يسبني و يهينني قدام الكل و مرات يمنعني من المدرسه و يستخسر علي بنزين سيارته و يعطيني مصروف قليل جدا و يطلب مني اني اسجل له كل هلله دفعتها منه و اغلب الاشياء يرفضها و يقول هذي خرابيط و ما تحتاجين لها و يحرمني منها و يجبرني اني اشتغل معه شغل العمال و كلما اوريه معدلي بالمدرسه و كيف اني متفوقه و جايبه ميه يقعد يقول انتِ ببغاء و ما تعرفين شيء و دلخه و اكيد هم دافينك بالدرجات و فوق ذا يطلب مني اني اصير الام و الاب لخواتي الثنتين ( علمًا اني انا اللي ربيتهم ) و يقولي لي درسيهم و علميهم و اشتغلي بالبيت و دايما لما يتهاوش مع امي و يصير شيء بينهم و بين امي يحط اللوم كله علي و يحاسبني و يسبني و يدعي علي بحجة ان هذي امك ليش ما تتغير ، قبل كم شهر تصالح مع اخواني و رجعوا البيت لكن رجع مره ثانيه و طردهم لان امهم للحين متردده ترجع له ولا لا و صار موقف للحين ما نسيته ، اهانني و سبني و دعى علي قدام كل البيت اخواني و زوجته و امي عشان زوجته قالت له ان سبب من الاسباب انها ما تبي ترجع البيت ان امي خربت جهاز القلايه الهوائيه و الميكرويف و تخاف ابوي يحط اللوم عليها ف صحاني من نومي بصراخ قدام الكل و سبني و لعنني و اهانني قدامهم كلهم عشان ذا السبب و في النهايه راح يسولف و يضحك مع البيت كلهم حرفيًا ب استثنائي ، مع الضغط النفسي هذا كله جبت له درجة 100 بالقدرات و للحين يقول مو معترف فيها و يقول انها غير صحيحه و انا بالاساس غبيه و دلخه بينما لما اخوي اللي اكبر مني بسنه جاب 79 بالتحصيلي بنفس الفتره قعد يمدح فيه و يواسيه و ما صارخ عليه بالعكس كان يخفف عليه الحزن رغم ان اخوي ما كان يذاكر اصلا الحين طبعًا هو تهاوش معهم مره ثانيه و طردهم و زواج اختي اللي من ابوي في نهاية هذا الشهر و للان معرف هل بيخليني احضر او لا و غير كذا شايله هم اشياء كثيره من فلوس و فساتين و احس اني شايله هم و مسؤولية امي و خواتي الثنتين الصغار  ، طبعًا للان انا وحيده لوحدي و ما عندي احد افضفض له و اقول له مشاكلي بس جيت هنا افضفض و احاول افرغ اللي فيني لاني احس اني رسميًا راح انجن .
دعواتكم لي 🙏🏼 هذا مختصر بسيط جدًا للي قاعد يصير لي و الله العالم ان اللي ما قلته و ذكرته اعظم لكني احاول ما اذكر هالمواضيع لانها تتعب قلبي جدًا",83,saudiarabia,reddit,code_switched
"تعرفون دكتور نفسي ممكن يساعدني، ابي افتك من الاباحية الله يلعنها قسم بالله اني كاره عمري بسبب الاباحية الي مدمنها من كان عمري ٨ سنين وقد جتني فتره كنت ادعي فيها ان ربي ياخذ عمري عشان اقلها افتك من الاثم الي بيجيني لكن الحمدلله لعل ربي مد في عمري عشان اتوب واعيش حياة طبيعية زي باقي الخلق

بخصوص الدكتور يفضل لو كان سعره معقول لكن لو كان الدكتور ممتاز جدا وتعرفون احد قد عالج عنده فانا مستعد ادفع الي وراي والي قدامي وما عندي مشكلة لو ابيع كل الي عندي اهم شي افتك لاني قاعد اشوف حياتي تتدمر قدام عيوني

Edit:يعطيكم العافية والله اني اقدر كل نصايحكم وباذن الله بسوي خطة عشان اقدر اوقف بعد اربع اشهر او اقل ان شاء الله، ببدا باني اتحكم بالشهوه قد ما اقدر، وعشان ما تجيني نكسه بعيد الشر بخلي فيه ايام معينة اسوي العادة حتى لو ما كنت مشتهي عشان اصير انا الي اتحكم مو الشهوه، وغير كذا ببدا ابني عادات ثاني او مهارات عشان انشغل فيها.

وباذن الله بحط تحديثات عشان اطمنكم وش صار علي وان شاء الله ما يصير الا كل خير تكفون دعواتكم لي ولكل مبتلا والله محتاجها🙏🙏


04/05/2025
تحديث بسيط:
من وانا صغير وانا احب اقرا كوميكس لكن سحبت عليها من فتره طويله والحين رجعت اقراها عشان اشغل نفسي، ادري انه نيردي شوي بس اهم شي اشغل نفسي والى الان الامور ماشيه واليومين الي فاتو ما جتني الشهوه الي تجي من الطفش.

بخصوص التحديثات مدري اذا فيه احد بيقراها صدق ولا لا لكني اكتبها عشان اشوف وش اكثر الاشياء الي فادتني، ويمكن واحد يقراها يوم من الايام ويستفيد.",82,saudiarabia,reddit,code_switched
"مستغرب ان نسبة قليله يتكلمون عن منصة  بحر فيه منصة اسمها بحر، كثير ناس ما يعرفون عنها، وهي شغل حر (freelancer) ومجانية، والجميل إنها رسمية من صندوق التنمية.

يعني لو فاضي وعندك أي مهارة بسيطة – تصميم، كتابة، ترجمة، تفريغ صوتي، أو حتى إدخال بيانات – تقدر تشتغل وتأخذ فلوسك وانت في بيتك.

اللي غريب إن المنصة هذي مو مشهورة كثير، مع إنها فرصة حلوة للدخل الإضافي. أنا جربتها و طلعت منها مبلغ، وقلت أنبه أي أحد حاب يبدأ بشي بسيط.

ما تحتاج تكون محترف… جرب وابدأ، يمكن تفتح لك باب رزق. والتسجيل مجاني، فما بتخسر شي. 🦦",81,saudiarabia,reddit,code_switched
"الموضوع ماعاد صار من تحت لتحت ثاني ايام الحرب ، كتبت منشور ان الهدف الامريكي الاسرائيلي جر المنطقة للحرب 
https://www.reddit.com/r/saudiarabia/s/4OZUdWgvVv

الان الموضوع طلع للعلن، طبعا للي مايعرف ليندسي قراهام هذا مب صحفي هذا سياسي في الكونقرس من المقربين لترامب , الكلام اللي يقوله خطير جدا",81,saudiarabia,reddit,code_switched
"صديقتي ماتت واحس مخي بينفجر من الهم صاحبتي توفت اثر overdose امس. بنت عمرها ١٨ سنه يصير فيها كذا ليش 💔 لا حول ولا قوة إلا بالله وانا لله وانا اليه راجعون
اللهم ان الفقد موجع ومفجع فأرحم قلوبنا و امسح عليها بالصبر
.. الوضع هاليومين صاير مجنون والدنيا صايره متعبه 
اللهم الثبات عند السؤال 
لا تستحون من صاحباتكم وقولو لهم ان اللي هم قاعدين يسوونه غلط 
الله يرحمك ياحبيبتي الله يلطف بك ويغفر لك اللهم انك عفو تحت العفو فاعفو عنا",80,saudiarabia,reddit,code_switched
"Just want to get it off my chest (NSFW) مدري الصراحه وين أبدا بالضبط… 

عمري ٢١ وصار لي حادثه ماحد يتمناها لأعداه والسالفه هي انه خالي كان ي**** يوم كنت ٨-٩ سنين تقريبا وكملت لمده تقريبا سنتين او ثلاث ومن يومها إلى الان وانا اقسم بالله ما احس باي شيء لا سعاده ولا ادري وش ابي من حياتي. بالعاده كنت اشتت نفسي بدراسه او اي شيء. المهم بجي لمشكلتي والله اني احس بضيقه ما يعلم بها إلا الله اهلي يحسبوا اني مقفل على نفسي اذاكر لكن والله احس بثقل بقلبي. مدري وش كنت افكر يوم ما اتكلمت. وفوق ذا للأسف بدات تاثر على درجاتي ونزلت شوي عن اول والمشكله انه السنه ذي تعتبر ""سنه تجميع درجات"" ومدري القاها من الضغط ولا الكابه الي عايش فيها 



وللأسف مقدر احذف البلوك بما انه بسنه رابعه اصعب شوي انك تحذفه. طبعا محد يدري عن وضعي ومدري الصراحه وش اتوقع بيصير يوم أسيب digital footprint هنا لكن الي عنده نصيحه يتفضل.

اسفين على اللخبطه للي جاهم stroke على كلامي لكن عندي خمسية الف شيء براسي ولا عارف ارتب كلامي",77,saudiarabia,reddit,code_switched
"ليش ريديت مُصر  يخليني الحد؟ من اول ما بدأت استخدم ريديت تقريبًا التطبيق بدأ يرسلي اشعارات من سبريديتس المرتدين. اولها كان سبريديت exmuslim لما حظرته حول ل exArab ولما حظرته حول ل exegypt وبعدها ل exJordan وبعدها ل exMorocco وبعد ما حظرته الان بدأ يقترح من exsaudi وغيرها من صفحات الملاحدة. 

مع اني ما اتابع هاي السبريديتس ومش مهتم بها اصلًا ودائمًا احظرها واحجبها إلا انه ريديت مُصر يشككني بديني.

ولكن خاب وخاب مسعاه، بفضل الله ثابت على ديني والشبهات كلام فاضي بالنسبة لي واحجبها فقط من مبدأ:
  ﴿وَقَد نَزَّلَ عَلَيكُم فِي الكِتابِ أَن إِذا سَمِعتُم آياتِ اللَّهِ يُكفَرُ بِها وَيُستَهزَأُ بِها فَلا تَقعُدوا مَعَهُم حَتّى يَخوضوا في حَديثٍ غَيرِهِ إِنَّكُم إِذًا مِثلُهُم إِنَّ اللَّهَ جامِعُ المُنافِقينَ وَالكافِرينَ في جَهَنَّمَ جَميعًا﴾ . 

ولكن الامر مزعج ومريب بنفس الوقت.

احد عنده فكرة؟",76,saudiarabia,reddit,code_switched
Revere the local reject the global. # العمارة السعودية,72,saudiarabia,reddit,code_switched
THE USERNAME I'M DEAD😭 ضحكك,72,saudiarabia,reddit,code_switched
"The absulte double standards يا عيال تخيلوا بس  ذولي عيال مبدعين بغو يسووا مسلسل حرفيا شي عادي بس مدري ليش لانهم خوال ولا اجانب 80% من التعليقات زي الموجود المشكلة لو انهم بيض مسووين مقطع ابو ثانية وحدة لما جاهم نفس الهجوم
وهذا يبين شيء",67,saudiarabia,reddit,code_switched
"يا جماعة احتاج دعمكم 🙏 أنا مطوّر سعودي واشتغلت على تطبيق تواصل اجتماعي جديد فكرته مختلفة شوي عن التطبيقات المعتادة.

التطبيق بدأ ينتشر برا ووصل ترتيب متقدم في متجر أمريكا خلال وقت قصير، لكن عدد المستخدمين من السعودية للحين قليل وحاب يكبر هنا أول.

فكرة التطبيق باختصار:

تقدر ترسل رسالة لشخص وتظهر له في الجزيرة الوسطية (Dynamic Island) في الآيفون بشكل رومانسي ولطيف، وتجلس ظاهرة قدام عينه للفترة اللي أنت تحددها.

يقدر يضغط عليها ويكبر الرسالة ويقراها كاملة، وبعد انتهاء الوقت تختفي تلقائي.

الفكرة إنها تكون رسالة “حاضرة” مع الشخص طول اليوم مو مجرد إشعار عادي يضيع بين الرسائل.

أمثلة استخدام:

	•	رسالة تبقى طول يوم الفالنتاين

	•	رسالة عيد ميلاد تبقى طول اليوم

	•	تذكير لطيف لشخص مهم

	•	دعم في يوم مقابلة أو سفر

	•	أو حتى بين الأصدقاء بشكل لطيف

التطبيق مجاني بالكامل حاليًا،

ووجود مستخدمين من السعودية بيساعدني جدًا أطور المزايا حسب استخدامكم واقتراحاتكم.

هذا رابط التحميل:

https://apps.apple.com/sa/app/weam-popup/id6758227638",70,saudiarabia,reddit,code_switched
اربع اخوان نافسو استديوهات🏅 Thats was so peak,69,saudiarabia,reddit,code_switched
حكمه (real),68,saudiarabia,reddit,code_switched
"جدة القديمة في رمضان جمال جدة القديمة بتصميمها الحجازي في رمضان


المصدر

https://x.com/historiaarabi/status/1901075165636694268?s=46",67,saudiarabia,reddit,code_switched
"دليل السبريديتات السعودية معاً لإثراء المحتوى العربي والسعودي في ريديت أشاركم مجموعة من المجتمعات اللتي قد تفيدكم:

## 1. المدن والمناطق السعودية
‏- r/jeddah – أخبار ونقاشات عن جدة  
‏- r/jeddahnolimits – مجتمع آخر لجدة  
‏- r/Riyadh – مجتمع الرياض، أخبار وفعاليات  
‏- r/yanbu – يخص أهل ينبع  
‏- r/ShababAlMadinah – شباب المدينة المنورة  
‏- r/Hailsaudi – عن حائل وأهلها  
‏- r/EasternprovinceKSA – الشرقية وأخبارها  
‏- r/Najd – كل ما يخص منطقة نجد  
‏- r/Qassimis – مجتمع أهل القصيم  
‏- r/neom – نيوم المدينة المنتظرة

## 2. المجتمع والثقافة
‏- r/SaudiReaders – لمحبي القراءة  
‏- r/TheSaudiWriters – للكتّاب وهواة الكتابة  
‏- r/Arabic_poet – شعر عربي فصيح  
‏- r/Sh3r – شعر نبطي  
‏- r/SwalfMaTengal – سوالف وفضفضة  
‏- r/SaudiScenes – صور من حياة السعوديين  
‏- r/hawajees – خواطر ومشاعر شخصية

## 3. التعليم والطلاب
‏- r/UniKSA – طلاب الجامعات السعودية  
‏- r/SaudiScholars – البعثات والتعليم العالي  
‏- r/SaudisInUS – سعوديين يدرسون في أمريكا

## 4. الوظائف والمجال المهني
‏- r/SaudiProfessionals – تبادل خبرات مهنية  
‏- r/SaudiBizHub – الأعمال والشركات  
‏- r/KSA_Entrepreneurs – رواد الأعمال  
‏- r/JoblessUnemployed – مجتمع العاطلين

## 5. التقنية والبرمجة
‏- r/sauditech – أخبار تقنية  
‏- r/DevKsa – مطورين سعوديين  
‏- r/CyberSa – الأمن السيبراني  
‏- r/CodeArabi – برمجة بالعربي

## 6. المال والاقتصاد
‏- r/tadawul – سوق الأسهم السعودي  
‏- r/SaudiEconoLogic – تحليلات اقتصادية

## 7. نمط الحياة والهوايات
‏- r/Saudicook – محبي الطبخ
‏- r/SaudiEats – مطاعم وأكل  
‏- r/Saudi_Fragrance – محبي العطور  
‏- r/SaudiGardeners – الزراعة المنزلية  
‏- r/ThriftingInSaudi – تسوق مستعمل  
‏- r/saudicars – سيارات  
‏- r/SaudiMechanics – صيانة السيارات

## 8. الصحة والرياضة
‏- r/saudisinshape – لياقة وصحة  
‏- r/saudimedical – مجتمع الأطباء  
‏- r/wellmindSA – الصحة النفسية

## 9. الألعاب والإلكترونيات
‏- r/saudi_gamers – مجتمع اللاعبين  
‏- r/Saudiesport – الرياضات الإلكترونية

## 10. مجتمعات خاصة للنساء (برايفت)
‏- r/zumurrudah – دردشات ونقاشات نسائية  
‏- r/AthenaGaming – مجتمع ألعاب للبنات  
‏- r/ForSaudiGirls – مجتمع بناتي عام

## 11. المجتمعات العامة عن السعودية
‏- r/saudiarabia – عام وشامل عن السعودية  
‏- r/KingdomofSaudiArabia – صور وأخبار عامة  
‏- r/SaudiForSaudis – مجتمع خاص بالسعوديين فقط

## 12. أخرى
‏- r/zwajforsaudis – عن الزواج  
‏- r/AskSaudi – أسئلة واستفسارات  
‏- r/SaudiScienceSociety – تجارب علمية ونقاشات  
‏- r/LawAr – مختص بالقوانين والتشريعات  

---

**لو تعرف سبريديتات ثانية مفيدة، شاركنا بها!**",63,saudiarabia,reddit,code_switched
"الدولة أطلقت خدمة تخليك تتواصل مع سابع جار (حتى لو ما تعرف اسمه ولا رقمه) # أول شيء الخدمة في تطبيق (سكني)

خدمة جديدة أطلقها تطبيق سكني، الهدف منها تعزيز جودة الحياة داخل الأحياء وترابط المجتمع وتواصل سكانه.. وفيها من وصية الرسول بالجار.

أعجبتني والله لأن فيها من العادات والأعراف الجميلة بمجتمعنا

ما حصلت الخدمة في الموقع، لكن موجودة في التطبيق، أول ما تحمله بتلقى ضمن الخدمات زر اسمه (خدمة سابع جار)

https://preview.redd.it/8c4k3x0y76kg1.jpg?width=750&amp;format=pjpg&amp;auto=webp&amp;s=d65842ff0ace5911ed9668ca0396299de6c197c3

# وش فايدتها؟

تخليك تتواصل مع جيرانك من خلال طريقتين:

* **إذا بتدعوهم لمناسبة** (تكتب اسم الفعالية ووصفها، وتحدد تاريخها، وتحدد الجيران اللي ترسلها لهم).
* **ترسلم لهم تحية أو مباركة** (مثل المباركات لرمضان والمعايدات والتخرج وغيره، وتحدد الجيران اللي ترسلها لهم).

**أسماء الجيران ما تظهر عندك**، بل تظهر لك الخريطة وعليها **أرقام مبانيهم** عشان الخصوصية، وإذا بادرت وجيت ترسل لهم: **تقدر تخفي اسمك ورقمك**، أو تقدر تطلعها عادي، لكن إذا أخفيتها بيخلونك تكتب **لقب** ترسل من خلاله الرسالة

https://preview.redd.it/c5k0bjs096kg1.jpg?width=750&amp;format=pjpg&amp;auto=webp&amp;s=31fba272b81de74eeecf984cf0aae966d8ed8a8f

# هذا إعلانهم:

يقولون عشان ما تتعرف على جارك من خطأ المندوب.. هم بيساعدونك بطريقة أحسن

https://reddit.com/link/1r7s6cm/video/ljyyoi4996kg1/player

# أشكرهم عليها والله",63,saudiarabia,reddit,code_switched
"عبيد مبارك الحارثي يحصد الجائزة الكبرى في معرض سيؤول العالمي للاختراعات  SIIF2025 منافسًا نخبة مخترعي العالم 
من قلب العاصمة الكورية سيؤول

‏سجّل المبتكر السعودي عبيد مبارك الحارثي إنجازًا تاريخيًا بحصوله على الجائزة الكبرى (Grand Prize) في معرض سيؤول الدولي للاختراعات SIIF 2025، متفوّقًا على نخبة مبتكري العالم

كما حصد على الميدالية ذهبية🥇لابتكاره جهاز يمكنه التنبؤ بنوبات الصرع، و حصد الميدالية الفضية في الكشف عن سرطان القولون 🥈

اضافة الى الحصول على الجائزة الكبرى، حققت المملكة 37 ميدالية متنوعة, بالإضافة الى جائزتين خاصتين

- ١٣ ذهبية 🥇
- ١٤ فضية 🥈
- ١٠ برونزية 🥉
-   


الله يوفق شبابتنا يارب

المصدر: حساب وزارة التعليم",61,saudiarabia,reddit,code_switched
الرغبه الجسديه لحد يكنسلني اتكلم بجديه البنات اللي بمنتصف العشرينات وبعدهم virgin كيف قادرين تسيطرون على الوضع  لاني تعبت نفسيًا وجسديًا من الرغبه مااقدر اركز بشيء,60,saudiarabia,reddit,code_switched
"انتبهوا من نشر اشاعات تتكلم باسم الحكومة، بحثت ساعه و مش لاقي مصدر او رابط لها، و الخط كأنه الeditor بتع التيك توك، حاولت أقلدها في الصورة الثانية 
الخط على التيك توك اسمه Sans 

أسباب تانية الصورة احتمال كبير مزيفه:

١- آخر تقرير من الهيئة مفهوش اي احصائيات نسبة الاجانب و السعوديين

٢- مستحيل ٩٧٪؜ من وظايف المكاتب في حائل محتكرة من أجانب، شيء لا يدخل العقل، احنا مش على المريخ

أنا فاهم ان في أجانب كثير في السعودية بس تأكدوا من نشر الإشاعات بالذات لو بأسم الحكومة لان ممكن الشخص يُحاسب عليها و الله يسلمكم و يحفظكم",58,saudiarabia,reddit,code_switched
احد يذكر ذي الالعاب ؟ وانا اقلب ببينترست انعشت ذكريات الباك ميموري بالغلط 🥹🥹 ، اعشق العاب فلاش و fain ، وش كانت لعبتكم المفضله ؟,59,saudiarabia,reddit,code_switched
حياتي تغيّرت إلى الأبد منذ أن عشت في المملكة العربية السعودية أكتب هذا النص بالعربية لأنه لا يكلّفني شيئًا أن أستخدم مترجمًا، وأعرف قيمة اللغة العربية وأؤمن بحق السعوديين في رؤية محتوى في الـsubreddit الخاص ببلدهم بلغتهم الأم. أردت أن أشارك تأملاتي كرجل إسباني في العشرينات من عمري بعد أن عشت في العاصمة العام الماضي. هناك أمور صدمتني في بلدكم وتجعلني أحبه. أصبحت الرياض بيتي الثاني. 1. الثقافة العربية رائعة. نحن مختلفون جدًا في كل شيء تقريبًا، لكنني وجدت ثقافة مذهلة تعلمت منها الكثير، وبالطبع جعلتني إنسانًا أفضل. قرأت كثيرًا عن تاريخ المملكة العربية السعودية، وأصبحت من محبّي الموسيقى العربية، والمطبخ لديكم مذهل (لا أستطيع أن أعدّ المرات التي أكلت فيها الكبسة أثناء إقامتي في الرياض؛ كنت مهووسًا بها). كما أن أسلوب الحياة السعودي يعجبني جدًا: فهو هادئ وتشعر فيه بالأمان. 2. قرأت القرآن كاملًا لأفهم معتقداتكم وأتعلم من حكمته. هناك الكثير من الأحكام المسبقة المرتبطة بدينكم، وقراءة القرآن ينبغي أن تكون إلزامية قبل إبداء الرأي حول الإسلام أو التعليق عليه. يعجبني كيف تحافظون على عاداتكم ودينكم. في بقية أنحاء العالم فقد الناس قيمهم، وابتعدوا عن دينهم؛ النساء يبعن أجسادهن بسهولة للرجال وهنّ يعتقدن أنهن أحرار بفعل ذلك، والرجال لا يحترمون النساء؛ كما أنهم لا يؤمنون بالزواج؛ ويتم غسل أدمغة المراهقين بأفكار منحرفة تحتقر الرجولة والأنوثة؛ والرجال ليسوا فرسانًا أيضًا، والأطفال يفقدون عاداتهم وقيم بلدانهم. 3. شعرت باحترام عميق كشخص، وعوملت معاملة طيبة جدًا، وكنت أحاول دائمًا أن أكون محترمًا كأجنبي. السعوديون هم ألطف شعب قابلته حتى اليوم. لدي بعض الأصدقاء السعوديين وهم أشخاص رائعون. وبما أن غالبية السكان من الشباب، فقد شعرت براحة كبيرة كوني شابًا في العشرينات. 4. تغيّر مفهومي عن الأمان. كنت قد اعتدت على اعتبار الخوف من الخروج وحدي ليلًا في بعض مناطق مدينتي أمرًا طبيعيًا، والخوف من أن أتعرض للسرقة في المترو أو وسائل النقل العام، وخوف النساء من الذهاب بمفردهن. القوانين صارمة وتحمي السكان. وهذا بلا شك من أكثر الأمور إيجابية في بلدكم. 5. أودّ أن أعود إلى المملكة العربية السعودية في المستقبل للعمل، بل وحتى للاستقرار فيها بشكل دائم. أنا ممتن جدًا لله الذي منحني فرصة العيش في المملكة العربية السعودية.,60,saudiarabia,reddit,code_switched
شف المصري النصاب قسم بالله مستحيل منتحل وزارة التجاره ولولا الله ثم التعليق على ال app store كان ماعرفت,56,saudiarabia,reddit,code_switched
"نصيحة غيرت حياتي، قلت اشاركها للفائدة. انا في اواخر العشريات، تخصصي يعتبر دخلة ممتاز جدا الا اني كنت متاخر جدا عن أقراني بالمهارات، والدرجات وحتى العلاقات، كنت ادرس واشتغل على نفسي بدون مبالغة ١٨ ساعة باليوم حتى بالاجازات ما اوقف.


في فترة قريت عبارة، لا تكرر نفس الطريقة وتتوقع نتيجة مختلفة! 


العبارة كانت مثل الصعقة الي نبهتني وخلتني التفت لكل شيء اسويه، في خلال اخر سنتين بالكلية صرت من طالب بالمؤخرة الى الاول على الدفعة! الطلاب كانوا منبهرين عن الاختلاف الي صار فجاه! 


تخرجت، وسبحان الله بمجرد دخولي لسوق العمل نصحني قريب لي يعتبر احد انجح الناس في محيطي قالي:

الرجال مايحب الا اهله فقط، ويقدر الي حوله، فهمت كلامي؟ 
قلت له لا.

قال بتشوف ناس كثير يفتحون مشروع يبدا يدخل اقاربه تحت مظلة الحب وانه يبيهم هذا مو حب هذا خبال! 

بتشوف كثير يحصل علاقات جديدة تعود عليه بالنفع والخير ويتمسك بمحيط سابق بسبب العواطف، قالي لا تاخذ كلامي بشكل خاطئ وتقطع الي حولك، ( قدر، افزع) بس وفر العاطفة لاهلك ولنفسك!


من هنا جلست مع نفسي، واخذت ورقة وقلم وعديت العلاقات الي حولي الي ممكن تسوي لي نقلة نوعية ماديا ووظيفيا سواء باتاحة فرص او حتى اخذ رايهم، المحصلة = ٠ .


جلست مع نفسي، حطيت هدف خلال السنة الجاية اخلي العدد من ٠ الى اي رقم فوق ١٠، فتحت لي حساب في X - linkedin  باسمي، روجت لنفسي بتخصصي، طرحت بعض المحتويات والحمدلله كانت بوابتي للتعرف على علاقات جديدة، نهاية السنة الرقم صار ٢٣! 

بعد شهر بكمل ٤ سنوات من تطبيق ماسبق، الحمدلله اليوم عندي مشاريع جانبية تدر علي بدخل مجزي جداً، ومصدر مساعدة لجميع الي حولي لانهم يعرفون ان عندي وصول، واخيرا بتخصصي الحمدلله قدرت ابرز اسمي.


كله كان بفضل الله اولا واخراً، ثم بفضل لحظات استوقفت فيها وراجعت نمط حياتي، حتى طريقتي في انتقاء العلاقات .

وقلت اشاركها لعلها مثل ماوقفت عليها وغيرت حياتي تكون سبب في مساعدة شخص اخر.",58,saudiarabia,reddit,code_switched
إقالة مدير الشبكة الأولى في التلفزيون الرسمي ومساعده التنفيذي ورفع دعاوى بحق ثمانيه مدراء آخرين بعد إهانة طالت معتقدات «أهل السنة والجماعة»، خلال أحد البرامج العائلية الدينية. https://www.aljarida.com/article/96155/amp,55,saudiarabia,reddit,code_switched
"طالبين اجنبي للوظيفة^٢ اقسم بالله قلة حياء وغفلة من الجهات عندنا، يعني في النفط والغاز الي السعودية اكثر دولة متقدمة فيه وجايين 
يبون اجنبي north american  

outstanding benefits!!!!",54,saudiarabia,reddit,code_switched
"آخر فاينل بحياتي الجامعيه صور لذكريات هاذا اليوم بكاميرا كانون ixus لمذاكرتي لاخر اختبار فاينل بالجامعه 🥺 

شعور غريب فرحه مع حزن اني معد فيه صحبات جامعه ودكاتره ولويه الصبح والمحاضرات 
حبيت أوثقه وانا كل شوي ادمع وابكي تخربط مشاعر 

كيف قدرتو تتخطون الجامعه بعد التخرج ؟",51,saudiarabia,reddit,code_switched
"زميلتي و وقاحتها ملكت ورجعت من اجازتي و زملائي جدًا مبسوطين المهم جبت قطع قاتوه و خليت tea boy يوزعها لهم مع القهوة 
خلصت اجتماعات ورجعت لمكتبي لقيت قطعتها زي ماا هي الا قالت لي معليش فلانة انا دايت ورمتها بالزبالة!! طيب ي جحودة ليش تاخذيها من الاساس 
وبعدين دايت تفطرين ٢ لوزين ورد بول؟؟ ما تتصوروا قد ايش تقتلني قلة التربية و الذوق و الاسوء كيف الشخص يعامل النعمة",49,saudiarabia,reddit,code_switched
"هل فيه احد يتحرش بولد اخوي؟ اسفه إذا كلامي مو منطقي بس م اعرف ايش اسوي 
ولد اخوي عمره ٨ سنين واخوي سافر شهر وتركه عندي وتهاوشت معاه لانه رافض يحفظ ف كان يبكي على بطنه ف جيت امسح على ظهره عشان يهدى فجاه يصرخ بأعلى م عنده لاتلمسيني انتي قذره وضربني وفجاه يركض للحمام ويتروش بملابسه عجزت اعرف ليش يسوي كذا للعلم ابوه م يتركه عند اي احد أبدا إلا أنا وانا لحالي ساكنه ومن اول وعمره بالشهور وهو عندي 
مدرسته خاصه احس لو حكومي يكون فيه تحرش 
ولا عندهم عاملات ولا سواقين أنا اوديه بحكم شغل اخوي غريب مرا تصرفه هو عصبي الولد بس بقى ببالي واخاف لو احد يسوي شي له وصح اخوي وزوجته قاطعين كل العائله ف م يجي لجمعات عائليه هل ذا تصرف عادي لانه معصب ؟ ولا فيه شي صاير ؟ 
وصح بس تجيه نوبات هلع لكن ذا وراثي اغلبنا عندنا امراض نفسيه 


الله يعافيكم كلكم على الرد وقررت اكلم اخوي وطلع عنده اضطراب الوسواس القهري  OCD صح وراثه بس م توقعت يجي لطفل بالعمر ذا",48,saudiarabia,reddit,code_switched
"Saudi is so amazing السلام عليكم جميعا

I’m a Muslim American who’s been in Saudi Arabia for last few weeks for Umrah. I would like to talk about my experience so far.

Before coming in I heard many stereotypes about Saudis: racism, classism, rudeness, insensitive, etc. both from Muslims and non Muslims. 

I also watched some videos on YouTube on people’s experiences here and it’s been mostly positive. 

For the Muslims, it’s been mostly those who were critical of MBS and etc. I won’t talk about politics since i believe that brings division so will talk about my experiences here personally.

It’s been the best trip of my life so far, Makkah and Madinah both felt special in their own ways. Mecca is very alive, busy, a city that never sleeps but is still hospitable, kind, graceful and has the perfect mix of modernity and local traditions and is very multi cultural which I love. Especially in Ramadan and in particular the last 10 days. It was so packed but felt so graceful and not the angry obnoxious crowds you see in other heavily tourist areas in the world- makes sense since it’s people coming here for a religious pilgrimage.

I heard so much weird conspiracies about the clock tower, none of it made sense to me. It’s very convenient  and it gives western tourists a place to shop with stores who speak English well. I stayed in Al-Ghazza so I went out with fellow pilgrims who knew Arabic but also communicated in my limited Arabic and used Google translate for the rest and it was fine.

Other day my mom, an auntie we were with and other group of pilgrims were walking in a hilly neighborhood near Al-ghazza- a bit past it since it looked more run down. Even though it looked like a poor area and if I was in America I wouldn’t ever walk in a dark alley or up steps in a narrow corridor, I didn’t have the slightest fear one bit and seeing kids playing soccer and uncles drinking tea in their old apartment buildings felt so peaceful and graceful. A truly safe feeling all around.

This goes for all of Saudi but I just wanted fo highlight that even the areas that look poor and “sketchy“ from an American eyes is 1 million times more safe then any American city that you will ever be in.

Also I left my phone and bag if I needed to go to the toilet or I forgot and left it in the hotel lobby or store and when I would go back it would either still be where it was or someone or the store/hotel worker would have it for me and I never feared having anything stolen from me much less being robbed by anyone at all.

I don’t live in NYC but overall public transportation is awful In America and the police don’t stop crazy people with mental illness who terrorize and harass people. No fear of that in Saudi Arabia. Also we don’t have high speed rail in America and I got the chance to experience it and it was amazing.

Madinah- it was full of  tranquility. It feels like the best “small town” feeling. I stayed in hotel that was right outside the masjid Al-Nabawi and I could walk anytime to the masjid and it felt like the sky and the birds were there waiting for you and smiling and the people inside were so graceful and friendly- Makkah is also friendly but it’s more busy so feels like people are in a hurry a bit more.

This one experience sums it all for me in Madinah- I was at the masjid for Iftar and I went to a guy who was pouring free chai for everyone and I asked for him to fill my cup since he poured it halfway and he said No and that he needs to share it with everyone. This  thought alone showed how I as a westerner was so individualistic while the Saudis and the people of Madinah think about the collective good.

I also was in Jeddah and it has the perfect balance of a modern city with the grace of Islam and the local history and architecture and Charm of a historical city, Al-Balad was very walkable and looked beautiful. I also went to a hookah lounge and it was so nice and felt alive and the service workers were friendly and not rude.

I’m a somali American and wanted to test to see if I would get treated differently if I said I was American or was Somali and either time I said either I was treated well, only issue is when I said I was Somali they would assume I know Arabic lool.  My dad knows Arabic but as someone who grew up in America didn’t get to learn much of it but I can understand context so like around 30-40% even though I can’t fully grasp full conversation.


Last thing so I don’t write too much- when we came from an ATV park in Jeddah area and needed a taxi back to a local Jeddah mall from
This area which was a bit outside of Jeddah in rural area- a local Bedouin gave us ride to the main road- we paid him a bit not much but to be cordial. Then we walked few feet off the road to a tiny shop of guys selling chai and drinks and asked if they could help us find a taxi. A few mins later a police officer came to help us and he gave us a ride and then as he drove on the highway towards the mall he pulled over a taxi driver and told them to take us to the mall and we hopped on the taxi van. I hugged the police officer because i would never have gotten such kindness from an American police officer. He also told them to not charge us anything and they didn’t but we felt like we needed to tip them a bit.

Overall my experience was so incredible and words can’t describe how beautiful and hospitable your country is and how generous the people of the Haramain Al-Sharif are. 

And now looking back and seeing all the slander I was hearing i feel pity for those who don’t know how great Saudi is.

I would love to move here since i have a degree and would love to raise my future family here inshallah. I have few days left and words can’t describe how my heart yearns to not leave Makkah and overall Saudi Arabia.

Edit: also I didn’t see  any racial tension or the supposed racism that many said that exist. Some say it’s Mostly for migrant workers but I asked many and they love Saudi and only 1 yemani guy said it is difficult for him since he has to pay fees for residency and he would want to move to Germany. And overall due to the safety and the blessed feeling of the Haramain Al-Sharif cities but also  felt same in Jeddah this sense of peace and I’m not being stereotyped, in America there is so much bubbling racial tension and passive aggressiveness, some due to overt racism and others due to stereotyping and overall race and ethnicity obsessed media and culture which will judge you constantly- from police to the history of race in America which is so toxic and exist in all parts of the culture and feels like a dark shadow that exists. In Saudi it’s truly an accepting culture and you aren’t judged or people don’t think I would rob them because I am a black person or other racial stereotypes.",51,saudiarabia,reddit,code_switched
"لغز ""فندق سعودية"": عُثر عليه في حاوية نفايات بباريس، والبحث جارٍ عن المعماري. **مرحباً جميعاً،**

**أتواصل معكم اليوم لأنني وصلت إلى طريق مسدود. لقد عثرت على العشرات من اللوحات المعمارية مثل هذه في مستودع نفايات شمال باريس، وأحاول جاهداً تحديد هوية صاحبها منذ 10 أشهر. قضيت ساعات طويلة في الأرشيفات الورقية، واستنفدت عشرات النظريات مع الذكاء الاصطناعي دون جدوى... ولكنني لم أصل إلى شيء بعد.**

**لذا، أتوجه الآن إلى المتخصصين هنا، لعلّ أحداً منكم يتعرف على ""لمسة"" الفنان أو المعماري الذي رسم هذه اللوحات.**

**إليكم ما أعرفه حتى الآن:**

* **المشروع هو فندق (أو مشروع فندق) في المملكة العربية السعودية، يعود تاريخه إلى الفترة ما بين 1970 و1980.**
* **يحتوي الفندق على مكتب مبيعات أو ""بوتيك"" تابع لشركة الطيران ""السعودية"" (Saudia).**
* **لا توجد توقيعات، أختام، أو أي شعارات تحدد اسم الشركة على أي من اللوحات.**
* **تحمل كل لوحة نصاً أزرق اللون مطبوعاً بتقنية ""النقل الجاف"" (dry-transfer) في الزاوية اليسرى السفلية.**

**آمل حقاً أن تثير هذه الصور اهتمامكم وتذكركم بشيء ما!** **شكراً جزيلاً لكم مقدماً على مساعدتكم.**",49,saudiarabia,reddit,code_switched
جائزة كلان فالكونز ٧ مليون دولار life is not fair,49,saudiarabia,reddit,code_switched
"""nerdy version"" معلومه حنونه 
الدي ان اي حق الطفل احيانا ينتقل للأم عن طريق مجرى الدم ويقعد في جسمها لعقود طويله او للأبد.""DNA""


من ناحية ثانية؛ الدي ان اي حق الأخ الاكبر ممكن ينتقل لجسد الأخ الاصغر عن طريق جسد الأم اثناء الحمل، يخلي الاخوان يتشاركون الاحماض النوويه الي ما انتقلت لهم عن طريق الأم والأب ""خلايا خاصة للأخوان فقط""🥹


وبرضو من ناحية ثالثة؛ الأم ممكن تنتقل لها نفس الاحماض النوويه حقت الأب عن طريق الطفل رغم انهم ما تربطهم اي صلة بالدم❤️ فيصير تبادل خلايا عائلي",49,saudiarabia,reddit,code_switched
"May Allah protect this country ﴿ رَبِّي اجعَل هَذَا البَلد آمِنًا ﴾
‏اللهم احفظ دولة قطر وقادتها
‏وشعبها وأدِم عليها الأمن والأمان",1213,qatar,reddit,code_switched
Let’s take a moment to pray for those protecting us اللَّهُمَّ احْفَظْهُمْ وَانْصُرْهُمْ وَسَدِّدْ رَمْيَهُمْ,609,qatar,reddit,code_switched
"أبابيل 🦅 F-15 QA 🇶🇦 The Boeing F-15QA is a modern multirole fighter jet operated by the Qatar Emiri Air Force. It is an advanced variant of the F-15 Eagle, designed for air superiority and precision strike missions, equipped with powerful radar, advanced avionics, and long-range weapons.

During the recent regional tensions, these aircraft have played an important role in air defense operations, helping detect and intercept incoming threats before they can reach Qatari territory. 

Grateful for all the armed forces working tirelessly to protect the country. May Allah protect them and keep everyone safe.

Img credits: dohd",277,qatar,reddit,code_switched
Booming Doha (2000s) أيام نِعمة الغاز الطبيعي بدت تنزل على الناس,155,qatar,reddit,code_switched
"سحب الجنسيه بالتبعيه 


‎أنام و أقوم اليوم الثاني جنسيتي أنا و اخواني مسحوبه. هل احنا مزورين او مرتكبين جريمه و مخالفين اي قانون؟؟ لا

‎انسحبت لأنه أبوي الله يسلمه مرتكب ""اساءه"" ببرامج تواصل الاجتماعي و سحبوا جنسيتي أنا و اخواني بالتبعيه .
‎أنا بفهم الحين احنا شكو ب ابوي؟ عيال يضيع مستقبلهم علشان شخص واحد مستهتر و تويته؟؟ يعني فوق التقصير و الاستغلال اللي كنا نتحمله منه من سنين هذي اخرتها 

‎أنا و اخواني رفعنا تظلم بس بعرف هل فعلا في ناس رجعتلهم الجنسيه بعد التظلم او هل في أمل نسترجعها؟ لأنه حتى لو انسحبت بالتبعيه تنسحب من اللي تحت السن القانوني هذا اللي عرفته و احنا فوق السن القانوني ف هالشي ما ينطبق علينا المفروض،، أنا عرفت بعد ما دخلت برنامج هويتي و سهل و طلع انه بطاقتي ملغيه و بس شفت الأشعار والله يالي شعور ضيقه ما حسيته من سنين ولا توقعت اني بمر بهالشعور مره ثانيه.. صارلي ٤ مادري ٥ ايام من عرفت ولا قادر انام .. اروح الدوام و وقت ما ابصم أيدي على قلبي خايف يطلعلي error او شي لاني بكون مطرود وقتها من دوامي، اخاف يي وقت المعاشات و ما ينزليي شي و أنا عليي ديون (هم من ابوي) والله مو عارفين شنسوي و شنو ننطر

‎احنا كويتيين من ام و ابو كويتيين فإذا سحبوا جناسينا ما راح تكون عندنا غيرها و بالأخير بنصير بدون اعتقد.

‎بعرف هل في خيارات اقدر اتخذها بعد غير التظلم؟ هل في طريقه نقدر نكلمهم وجه لوجه و نفهمهم وضعنا شلون صاير؟ اخاف التظلم بس حاطينه جذي لأني ما سمعت شخص يقول ردولي الجنسيه او ما شابه، أتمنى تفيدوني و تطمنوني لأني تعبان و مو شوي احس خسرنا كل شي و اكثر من كل شي",161,kuwait,reddit,code_switched
رسمتي بكسل أرت لمسلسل خالتي قماشة حساباتي  Naifpxl (X/IG/Tiktok),152,kuwait,reddit,code_switched
"Identity Crisis, Age Struggles, and No friends I am 27 years old man, graduated from the US an electrical engineer, returned to Kuwait, currently working in the ministry for 2 years.

My problem started when I realized I have no friends. I tried befriending my coworkers but they talk about stuff I am not familiar with, and as soon as the shift is over, we became strangers once again. Another problem was, I may be 27, but I don't look like my age (dunno if it's a sickness) my coworkers would usually belittle me, make fun of me, or not engage in a serious convo with me.

This was causing me so much sadness being lonely, so I decided to enroll in a private university in Kuwait, pursuing another bachelor degree while working as an engineer in the ministry (we can do that). I hoped maybe in an environment I am familiar with, I can befriend people easily.

And yes, 4 months in, I made a lot of connections in class. The thing is, one of my classmates told me not to come to class with a backpack so I don't get picked on as a freshman, and another classmate assumed I don't even have a driving license because I am 17 still. Remember, I am a 27 years old engineer, and my own Land Cruiser is parked outside.

I didn’t enjoy lying about my age, but I also never revealed it, I thought perhaps if I did so, I would feel out of place similar to my work.

Then a great wave of depression washed over me, ""This is not me!"", I am not a 17 years old freshman getting a business degree in finance. I am a 27 years old engineer with no friends… But I want friends, but my classmates are literal 17-20 year old kids… But I look like them, but I'm not a kid. butbutbut, until I sleep it off and wake up depressed the next day.

Btw yes, I am paying around 2500-3500 KWD a semester just to make friends. Wtf am I doing anymore..

Sorry for venting, I had to get it out somewhere, and ChatGPT is too supportive to the point I don't trust it anymore.

EDIT: 

يعطيكم العافيه على كل هالنصايح الي من ذهب, و الله يفرج همكم مثل ما فرجتوا علي.

و اشكر الي دخلوا علي خاص و الي هني, و باشروا شخصيا و مدوا ايدهم لي, صراحه شي يثلج الصدر. (اعتذر على الي ما رديت عليه, ناس واجد كلموني).

I also received some very kind words from non-Kuwaitis which are appreciated the same way.",117,kuwait,reddit,code_switched
"Kuwait Through My Eyes : Photo Dump #11 Ramadan Kareem! رمضان كريم و عساكم من عواده ✨🌙🤍 اللهم إجعلنا فيه من المقبولين و ارزقنا فيه السلام، و الرحمة و السكينة 

Enjoy the photo dump! ☺️",105,kuwait,reddit,code_switched
"Howard Lutnick, US Secretary of Commerce accuses Kuwait of placing the highest tariffs on the world on US products. I didn’t want to do this.. but I have to speak up.

To Whom it May Concern,

These statements that were made recently by US Secretary of Commerce are extremely dangerous and directly threatens our national security and sovereignty.

PLEASE DO NOT IGNORE THEM. PLEASE TAKE THIS VERY SERIOUSLY. Even though these statements are clearly false, they are a negotiation tactic commonly used by the Trump administration. 

PLEASE DO NOT SPEND ANY EFFORT CONDEMNING THESE STATEMENTS BECAUSE THEY ARE FALSE. WE ALL KNOW THEY ARE FALSE.

The UAE just made an investment deal with the US in the trillions. Saudi Arabia did the same thing. Other GCC countries are successfully lobbying the trump administration. We clearly have failed to lobby and validate our relationship with the US, this is why we were singled out.

There is no other logical reason. GCC tariffs are the same across all GCC countries.

Please consider our next steps carefully. There is no room for failure in this.

الله يحمي الكويت والأمير و شعبها من كل مكروه",90,kuwait,reddit,code_switched
عيدكم مبارك 🥳🥳🥳.           (that’s me in ghibli),87,kuwait,reddit,code_switched
"The Absurdity of Advertising My wife and I dreamt about running our own coffee house where people come to read, talk, and chill in general. while we bake all sorts of pastries in the back. 

And sure enough, a modified bit more realistic version of this dream came to life not long ago and we did open our humble little coffee shop. 

We got to a point we are just comfortable and content, we got people coming in, we got regulars, we got three wonderful people that work with us and are like an extension to our family, my wife is happy, im happy even if i don't break even or make a profit. 

Chapter 2:Enter social media.

We are not exactly doing this for the profit, we are doing it to keep us busy at an age where all kids are grown up and we have no day jobs. 

We often get approached on insta by 'influencers' of various backgrounds and reachability to advertise. 

I got curious and started saying im interested, ""hey, how much do you charge, what do you do?""

Chapter 3:The cringe tsunami. 

Different people, the same affectation, the same tone, the same words, the same filming style, i just couldnt. 

This is what businesses pay for someone to come and say ""واااااي يهبل عجيب خيال لا يطوفكم"" in what i can only call kuwait's equivalence of a spoiled bratty girl voice ""like oh maaah gaaahd totally slaaay"" 

And it was by both female AND male influencers.

How long has this been going on?

I Don't know two things about marketing but

 wouldn't showing your product or business' quality/craftsmanship or whatever you find a food selling point about your business better than hiring someone and paying them thousands (oh the prices were another shocker but let's put that a side) to just come and say: waaaw so tasty, omg unbelievable, mmm, guys it's crazy!, wooow, &lt;insert other buzz phrases&gt;

Mind you while looking absolutrly disinterested and speaking like an NPC. 


Tl;dr 

Ranting about cringe influencer advertising pandemic on socialmedia that all sound and look the same.

Edit: im fixing all the typos as soon as i find them 😂


Edit2: thanks to those that asked for the name of our place, im very flattered but it wasn't the purpose of the post, also, kinda appreciate my privacy here on reddit so i can continue to comment freely, kuwait is very small and you guys would find me quick🤐",87,kuwait,reddit,code_switched
"Proud of this thing i made This Soots tote bag took me 5 hours of work with 30 minutes break for فطور

Finished 2, idk how many more i can make before comfest 🥲",84,kuwait,reddit,code_switched
"Abuse of Power? Intimidation? Civil rights being violated? I have encountered a scenario yesterday. I was riding the public bus transport, when someone wearing casual clothes(دشداشة)entered the bus and without any identification started asking our Civil ID's and looking at the expiry dates. (Also snapping pictures on his phone, sending it to someone over WhatsApp I think, based on his finger gestures) 

When he came to me, I asked him his work ID respectfully (to confirm he's not a random person, and that he's working as a law enforcement officer),to which he refused. I still showed him my Civil ID and he checked the date and gave it back. 

I went on to call my friend on my phone, when he saw that, he called me,took me out of the bus and to his car(which wasn't a police car,just a regular car) and told me to get in. I refused to get in unless he told me the reason why I was caught. Upon refusing thrice, he pushed me into the car. My legs were still out of the car, he asked me to put my legs in, I refused again,I said ""if I put my legs in the car,i know you'll close the door"". He said ""do you know who I am?"" and then proceeded to show his work ID and then asked for my phone. I said him, I wasn't doing anything, and that I was only calling my friend. He went through my gallery(without consent) to see the recent clicked photos and after not finding anything,he asked me ""do you know why I caught u"". I realized that he perhaps thought I took their picture. I answered, ""I know why u caught me,u thought I was taking pictures,but I didn't, as u just saw"" 

After shaking hands,and the culture of kissing on the cheeks, he let me go back on the bus.

My knowledge of the language/accent, and my confidence perhaps helped deescalate the situation but what about the other expats who tremble in their feet when facing police offers?",84,kuwait,reddit,code_switched
الحياله( بكسل ارت) Naifpxl (X/IG/Tiktok),80,kuwait,reddit,code_switched
"2 Officers in The Ministry Of Interior just died. Pray for them. Lieutenant Colonel/ Abdullah Emad Al-Sharraah

Major/ Fahad Abdullah Al-Mojammad

ان لله وان اليه لراجعون",81,kuwait,reddit,code_switched
"أم السعف و الليف Our Lady of the Palm First watercolor attempt, watchu guys think? :)",72,kuwait,reddit,code_switched
"Process to apply for Exit Permit - Complete Guide Hi again, please find the steps to apply for the exit permit below:

The service is available in the Arabic version of the SAHEL APP.

You can go to Services - under Public Authority of Manpower (الهيئة العامة للقوى العاملة)- Select Expatriate Labor Service (خدمات العمالة الوافدة) - Then select Request for Exit permit for Article 18 Holders (طلب إذن خروج لحملة المادة 18).

**UPDATED STEPS 12 June 2025 12:40pm:** Go to Services - under Public Authority of Manpower (الهيئة العامة للقوى العاملة)- Select Expatriate Labor Service (خدمات العمالة الوافدة) - Then select Issuing Exit Permit (اصدار ازن مغادرة). **Wordings changed on the last step**.

Remember, the SAHEL APP will give you a warning sign as the service is not live yet.

Once done. Contact your company HR or head to approve the request on company's manpower portal.

I tested this via Sahel App, then checked the manpower portal, it worked.

Hope this helps.",70,kuwait,reddit,code_switched
"Is it illegal for me (m21) to have a (f23) in my car past midnight? For context we had just finished Kashta and we had many friends in the car, we dropped all of them off and I had one last friend (f23) to drop her home, it was 2 am and we passed by tfteesh this was in the city behind hamra tower we’ve been out many times past 2-3 am going out to cafe’s and 8/10 times they never ask for her ID and when they do, they usually just let us go. Btw I’m Kuwaiti my friend is an expat

they asked for both our ID yesterday and started asking us weird questions: first they asked is she your relative and I told him no, it’s just my friend. Is there any an issue? My parents know her which is true, she’s a family friend. She’s not Kuwaiti but my family met her multiple times

They made us wait on the side and another cop came asking تحرملها and I think something like تجربلك

Then pulled me out and kept telling me this is ممنوع what’s her age repeatedly even though they had her civil ID in their hands and it shows she’s over 21. Kept asking me how are you okay with this? It’s against the law, you’re not allowed to this. What made me very disturbed is that they said “I can say you guys had sex and put you in trouble, I’ll get her parents involved” luckily I have a dash cam recording which records everything but unfortunately because that particular conversation was outside the car it didn’t catch all that.

We were appropriate in the car we didn’t touch each other, we maintained distance, we both had our ID out ready and we were just tired waiting to go home. And we were very disturbed and shaken by this experience.

In the past we had a cop that stopped us for a fine but they were extremely polite and friendly towards us.

So I needed to know if this is against the law as the title mentions and based off how the cops treated us.",65,kuwait,reddit,code_switched
The Misbah/مسباح was basically just that generation's fidget toy and I'm tired of pretending it wasn't,63,kuwait,reddit,code_switched
"تجربتي في التجنيد تجربتي في التجنيد 

السلام عليكم... بالبداية انا كويتي من مواليد ١٩٩٩ وكنت مطلوب للخدمة الوطنية الحالية، دفعة 51 الي هي شهر 1 لين 12. حبيت أنقل لكم تجربتي الشخصية، وين كنت ووين صرت بهالأربع أشهر. الخدمة كلها عبارة عن شهرين تدريبات ميدان و 10 شهور شغل/ادارة.

أول شهرين: الميدان (تدريب) من 5-1-2025 الى 20-2-2025

البداية:
البداية كانت بتاريخ 5-1-2025 كان اول يوم تجنيد. قبلها بكم يوم ارسلو لنا رسالة بسهل بمكان التدريب والوقت (انا حطوني بالدفاع الجوي الي ب صبحان). أول يوم دوام كان لازم نكون هناك الساعة 8 الصبح. اول ما توصلون راح يكون في عسكريين (أغلبهم رقباء او رقباء 1) وراح يقولون لكم التلفونات والساعات الذكية ممنوعه، لازم تخلونهم بالسيارة. بعدين راح تشكلون طابور وراح يجون الضباط. بعدها راح يدخلونكم القاعدة العسكرية تروحون المسرح. راح يكلمونكم عن القوانين وشنو المطلوب منكم بس. من ثاني يوم، راح يقولون لكم الضباط ان الدوام يكون بدايته من 5:30-6:30 بس راح يحددون وقت معين ولازم ما تتأخرون ولا دقيقة. مافي مبيت ولا يوم. بالنسبة للمظهر، لازم تحلقون صفر راس ولحية بإستثناء الي مربي لحية تديناً.

التدريبات:
حاب أطمنكم ان التجنيد مو مثل الجيش. اذا تبون مقارنه، تخيلوا ان التجنيد مثل المرحلة الابتدائية والجيش الثانوية او كأن التجنيد دراسة دبلوم والجيش دكتوراة (عندي معارف بالجيش ف قدرت اقارن بينهم بالتقريب). بخصوص التدريبات، راح تسوون تمارين رياضية (هرولة، ركض، تمرين الضغط) + راح تتعلمون فك وتركيب سلاح M16A2 + راح يعلمونكم حركات عسكرية أساسية. بس... غير هذا، اغلب وقتكم راح يكون قاعدين بالبركس (barracks) او راح توقفون بالميدان ما تسون شي (يشكلونكم). قبل لا تخلص دورتكم بشوي احتمال يودونكم المهاجع يخلونكم تنظفون وترتبون المكان (بالغالب هذا اخر اسبوع او اسبوعين لما تكونون خلصتوا التدريبات تقريبا). اخر يوم من التدريبات راح يخرجونكم.

الفترة الإنتقالية:
بعد ما تخلصون الشهرين، راح يعطونكم عطلة مدتها 2-4 اسبوع. في هالوقت راح توصلكم رسالة بسهل بالمرحلة الجاية.

الخدمة العسكرية (شغل/ادارة):
اول يوم راح تروحون لمعسكرات المباركية (G1) الي صاير بالشويخ. راح تروحون مكان داخل اسمها لواء 11 راح تجتمعون ويا الي بدفعتكم وراح يكون في ضابط ينادي أسماء المجندين ويوزعهم. في شباب مكانهم برا المعسكر بكبره والبعض داخل. عادي يقطونكم افرع أماكن مثل كبد والعقيله... الخ. الي يتمون بالG1 راح يتوزعون بين عدة اماكن مثل:
-مبنى الخدمة الوطنية العسكرية
-لواء 11
-هيئة الخدمات الطبية
غالبية الي بالG1 نفسي شغلهم اداري وسهالات مافي ذاك الشغل الصعب. الفترة هذي تستمر ل 10 أشهر تقريبا.


بعض المعلومات المهمة:

-بعض المجندين بالتدريبات يكونون إداريين. غالبيتهم عندهم تقارير طبية، مرضى او عندهم شي يمنع عن اداء بعض التدريبات. هذول يسوون تدريبات بسيطة وغالبية الوقت قاعدين.

-بالنسبة للإعانة، راح تستلم اول دفعة (اثر رجعي) من تخلص التدريبات وتروح للشغل. لازم تكمل بعض الإجراءات قبلها.

-تقدر تتطوع بعد ما تخلص فترة التدريب الين ما تخلص فترة التجنيد بكبره.

-تقدر تتطوع اذا تلبس نظارات طبية.

-عندك 15 يوم اجازة تقدر تاخذها بعد ما تخلص تدريب وتروح تشتغل بالجيش.


هذي بإختصار تجربتي الحالية ومابي اطول عليكم. الي عنده سؤال يتفضل :)",57,kuwait,reddit,code_switched
"I thought police worked for public interest How is it okay for them to be employed everyday to control traffic (e.g. closing off entire sections of roads, closing off parking lot entrances) for a single company? 

Swear they (government) should start fining companies for constructing buildings without sufficient parking space. Enforce them to provide work from home days if they really cared about reducing traffic around such places. Find alternative solutions.

Force them to manage the problem that they helped create, not hold their hands for it. 

   حسبي الله ونعم الوكيل...بالاخير الموظفين (""الناس العاديين"") الي مبتلشين",53,kuwait,reddit,code_switched
شوف الناس تسعى... Pencil Sketch,52,kuwait,reddit,code_switched
"‏توظفت أخيرا الحمد لله في جامعة الكويت ‏السلام عليكم يا جماعة بس حبيت أبشر إني أنا أخيرا توظفت في جامعة الكويت بعد شهرين من ما تخرجت. 
‏أنا عايش طول حياتي برا الكويت 13 سنة في باريس فرنسا ، 4 سنين في أمريكا Arizona، أربع سنين في مالطا،.

‏الحمد لله الحمد لله الحمد لله الحمد لله",49,kuwait,reddit,code_switched
"A Thought To Leave Here I would like to write a few things for myself, for you, and for the sake of our minds.

This will be a long one, enjoy it or don’t but I hope you do.

With everything that has been going on, reading the news and looking at things beyond its surface, I have come to a realization that I really love life.

‎اللهم لك الحمد.

I’m grateful for still being safe. I hope things get better, for us all.

This situation really made me rethink all of my decisions. I am a believer of Allah, but is it possible to double your belief because of what’s happening? I never thought that was possible until now.

if you can,

Make good with those who’ve been bad to you.

Make good with those who don’t even know you.

Make good with those who need good in their lives.

The past few weeks have been nothing but a malicious and chaotic turn of events. Catastrophe with a follow-up of another catastrophe.

Be good, do good.

Be with your family more.

The moment I started to work remotely, you have no idea what happened to me. 

I’ve never felt so wholesome in my life to be so close to my family, especially my sister.

It just made me realize once again how graceful it is to have people you love by your side, seeing them more than a desk and a computer from 8 am to 4 pm.

Be grateful to what you have, who you are, where you are. 

I’d like to say I have always been grateful about everything. Food, eye-sight, health… etc.

The one thing I never thought about: being grateful for a normal day.

I have read today ""اليوم العادي، نعمة""

I couldn’t agree more.

Alhamdillah.",48,kuwait,reddit,code_switched
"MUAHAHAHA IM SO HAPPY 7mdillah!! I thought my salary was x amount it turned out to be x amount + 70kwd🥳🥳 (Kuwait university faculty/Kuwaiti, 2 months working) By the way how much is تأمينات going to deduct from salary?",46,kuwait,reddit,code_switched
"Summer is officially here Scorching hot outside, summer if officially here. 
موسم الكنة يعني اقعد ابيتك",47,kuwait,reddit,code_switched
Kuwaitis called it إگزوست - pencil sketch + sticker,46,kuwait,reddit,code_switched
"Any legitimate charities for Palestine? I want to donate money and clothes badly but i'm always very concerned about the legitimacy behind one, the last thing I want is my money and stuff in their pockets instead.
 
عن تجربه في احد يعرف و مجرب و متاكد انه مو فيك؟",40,kuwait,reddit,code_switched
"How does Zain get away with this? 
I spend a lotta time around in diwaniyas in various areas. Heres a brief comparison on Zain 5G internet. 

Besides residential, some offices in Mirqab and Kuwait City will have a blazing 60mbs+ speed. 

In Kaifan , qadsiya, bnied al gar: seen em internet speeds reach 25mbs. 

farwaniya and salwa, I’ve seen an average of 15-20mbs 

Msayel or abu fatira around 10. 

In Riqqa/fintas it’s a miserable speed that’s always cutting out. Ranging between 0.6-6mbs max. 

It was insanely terrible in mangaf. Freuquent cutouts. This was embarrassing for a huge company and I was upset for my friend, lol
 
I know 100% that the provider is Zain, 5g for each of these 

Do the residents in the slow net areas know that there are areas with 10x+ the speed? Do they know and not care? Why doesn’t Zain care? 

When it does cut, Call Zain and be hopeful to get a انشالله شوي وتتصلح…. So wtf is going on here? Why no attention from there and not a care in the world to the further areas! It’s really not that far.",42,kuwait,reddit,code_switched
"This is an opportunity. Remember how few days ago you were at work or school reminiscing covid days and you had this one thought ""I should have taken advantage of those days and did something that would help me sustain my health and financial status in the future!"" 

  
Well ladies and gentlemen this is your time to rise and shine. Some of us are working remotely or workload (and working hours) have decreased due to Ramadan. 

  
The question is, 

  
What are you doing for the future you? And for the future of our society? 

  
بادر 

Is an Arabic word which translates to ""To take the initiative"" so the question here is, 

  
While we are having people at the front line protecting you what are you providing back to the future you and the society? Are you innovating? Are you investing? Are you brainstorming but you feel like you are not sure what to do because the internet is full of garbage Gurus telling you to buy/sell Gold or sub to their courses or sub to their AI model? (I know we all have been there trying to find the holy grail that would make us 1 million KWD but hey at least we are here together and we can share knowledge with each other) 



As long as you have your brain working and asking yourself these questions then you are at least ""trying"" and you took some initiatives. But please don't stay still and inactive! do something that can solve a problem and can help the future you and the society.  

  
In the end of the day, we will look at this sub in 5 years and we will be saying stuff like,

""Oh I wish I researched more about ai look at this very famous app called fart ai app which is now the number 1 app on the app store and it was made during the 2026 Iran conflict where people were so stressed so you have this app where you press this red button and it farts activating the vagus nerve"" 

  
""Ahhh I wish I bought some silver or gold look at the price of gold now! It is 15,000$ !"" 

  
""I should have worked out during those days and journal it on my social media!"" 

  
""I should have read Quran and finish it atleast 2 times those sirens weren't that bad afterall!"" 

  
""I should have made some research finding solutions for these 7am heavy traffic every morning"" 

  
""I should have collaborated with these people in this sub!"" 



Guys go ahead and collaborate below!",39,kuwait,reddit,code_switched
"Hearing thuds, booms, sirens, whatever. ان شاء الله ما فينا الا العافية، الشباب بالدفاع مو مقصرين و لحد الان العدو مو موجهين شي على الاماكن السكنية.

 

توكلوا على الله قعدوا ببيوتكم عشان ما تحوشكم بقايا التصديات 

ادعوا لأمان دولتنا و كل دول المسلمين، لا تتوترون ان شاء الله جم يوم و يطوف الموضوع",40,kuwait,reddit,code_switched
"what's up with kuwait's Creative Industry? Alright, so here’s the thing, I'm the owner of a video editing house here in Kuwait. I’ve spent years honing my stuff, innit, making high-end edits for clients around the globe, yeah. We’re talking proper storytelling, smooth transitions, and just satisfying results overall for the client, innit, that actually feel premium. None of that generic, templated stuff.

But here’s what’s been bugging me, where are the clients? I don’t mean the  ""bro, can you do this for 5kd?"" types. I mean real businesses, brands, creatives, people who understand the value of content. I see companies splashing cash on marketing, yet when it comes to video production, suddenly, budgets vanish into thin air.

It makes no sense. Content is king, yeah? Then why is Kuwait, one of the wealthiest countries, الحمدالله, not investing in proper video editing?

Are people just not aware of the difference between trashy, rushed edits and real, high-end work? Is there a gap in the market where businesses don’t even know where to look? Or is it just the classic ""if it's local, it must be over 500kd"" mindset? mate, no, it costs 80kd!

Would love to hear your thoughts!",36,kuwait,reddit,code_switched
